event_id,station,phase,travel_time,weight
101361,NCBJC,P,14.98,0.1
101361,NCBJO,P,14.65,0.1
101361,NCBPC,P,14.32,0.1
101361,NCBSM,P,17.79,0.1
101361,NCBSR,P,12.6,0.5
101361,NCBSR,S,21.62,0.1
101361,NCBVY,P,12.23,0.1
101361,NCCAD,P,3.47,1.0
101361,NCCAI,P,16.1,0.2
101361,NCCAL,P,4.28,1.0
101361,NCCAL,S,7.74,0.5
101361,NCCAO,P,2.75,1.0
101361,NCCAO,S,4.91,1.0
101361,NCCCO,P,1.45,-1.0
101361,NCCCY,P,8.59,0.2
101361,NCCDV,P,5.99,1.0
101361,NCCDV,S,10.57,0.2
101361,NCCLC,P,11.43,0.2
101361,NCCMH,P,2.65,1.0
101361,NCCMJ,P,6.11,1.0
101361,NCCML,P,4.33,1.0
101361,NCCMM,P,4.78,1.0
101361,NCCMN,P,7.33,0.5
101361,NCCMP,P,6.0,1.0
101361,NCCMR,P,6.51,1.0
101361,NCCOS,P,6.56,0.1
101361,NCCPL,P,8.53,0.2
101361,NCCSC,P,2.64,1.0
101361,NCCST,P,8.27,1.0
101361,NCCVA,P,7.29,1.0
101361,NCCVL,P,7.83,0.1
101361,NCHAZ,P,8.82,0.1
101361,NCHCB,P,7.76,0.2
101361,NCHCO,P,8.76,0.5
101361,NCHCP,P,8.09,1.0
101361,NCHDL,P,9.47,1.0
101361,NCHFE,P,7.62,0.1
101361,NCHFH,P,9.08,0.5
101361,NCHFP,P,11.44,0.1
101361,NCHGS,P,5.53,1.0
101361,NCHGW,P,5.89,1.0
101361,NCHMO,P,13.9,0.1
101361,NCHOR,P,8.32,0.2
101361,NCHPL,P,7.8,0.5
101361,NCHPR,P,7.43,1.0
101361,NCHSF,P,10.89,0.1
101361,NCHSP,P,4.77,1.0
101361,NCJAL,P,4.48,1.0
101361,NCJBC,P,6.91,1.0
101361,NCJBG,P,10.91,0.1
101361,NCJBL,P,8.71,0.1
101361,NCJBM,P,8.1,1.0
101361,NCJBZ,P,6.75,0.5
101361,NCJCB,P,4.24,1.0
101361,NCJEC,P,5.86,1.0
101361,NCJEG,P,13.34,0.2
101361,NCJLT,P,8.8,0.2
101361,NCJLX,P,5.8,1.0
101361,NCJMG,P,13.99,0.1
101361,NCJPL,P,7.45,0.1
101361,NCJPP,P,9.19,1.0
101361,NCJRG,P,7.43,0.5
101361,NCJRR,P,5.31,1.0
101361,NCJSA,P,13.2,0.1
101361,NCJSC,P,7.69,0.5
101361,NCJSF,P,8.69,0.2
101361,NCJSM,P,8.64,0.5
101361,NCJSS,P,5.4,1.0
101361,NCJST,P,3.35,1.0
101361,NCJTG,P,7.03,0.5
101361,NCJUC,P,8.66,0.1
101362,NCBJC,P,15.39,0.5
101362,NCBJO,P,14.75,0.5
101362,NCBSM,P,17.85,0.1
101362,NCBSR,P,12.61,0.5
101362,NCBSR,S,21.57,0.1
101362,NCBVY,P,12.25,0.1
101362,NCCAD,P,3.45,1.0
101362,NCCAL,P,4.3,1.0
101362,NCCAL,S,7.76,0.2
101362,NCCAO,P,2.77,1.0
101362,NCCAO,S,4.92,1.0
101362,NCCCO,P,1.44,-1.0
101362,NCCCY,P,8.62,0.5
101362,NCCDV,P,6.03,1.0
101362,NCCLC,P,11.67,0.1
101362,NCCMH,P,2.67,1.0
101362,NCCMJ,P,6.13,1.0
101362,NCCML,P,4.35,1.0
101362,NCCMM,P,4.81,1.0
101362,NCCMN,P,7.35,0.5
101362,NCCMP,P,6.01,1.0
101362,NCCMR,P,6.55,1.0
101362,NCCOS,P,6.65,0.1
101362,NCCPL,P,8.65,0.2
101362,NCCSC,P,2.65,1.0
101362,NCCST,P,8.32,1.0
101362,NCCVA,P,7.34,1.0
101362,NCCVL,P,7.98,0.2
101362,NCHCB,P,7.73,0.2
101362,NCHCO,P,8.71,0.2
101362,NCHCP,P,8.11,1.0
101362,NCHDL,P,9.5,0.5
101362,NCHFE,P,7.68,0.1
101362,NCHFH,P,9.71,0.2
101362,NCHFP,P,11.52,0.1
101362,NCHGS,P,5.52,1.0
101362,NCHGW,P,5.9,1.0
101362,NCHOR,P,8.21,0.2
101362,NCHPL,P,7.81,0.1
101362,NCHPR,P,7.4,1.0
101362,NCHSP,P,4.77,1.0
101362,NCJAL,P,4.5,1.0
101362,NCJBC,P,6.94,1.0
101362,NCJBL,P,8.87,0.2
101362,NCJBM,P,8.15,1.0
101362,NCJBZ,P,6.74,1.0
101362,NCJCB,P,4.23,1.0
101362,NCJEC,P,5.87,1.0
101362,NCJLT,P,8.86,0.1
101362,NCJLX,P,5.83,1.0
101362,NCJMG,P,14.44,0.5
101362,NCJPL,P,7.5,0.1
101362,NCJPP,P,9.2,1.0
101362,NCJRG,P,7.45,0.5
101362,NCJRR,P,5.31,1.0
101362,NCJSA,P,13.23,0.2
101362,NCJSC,P,7.65,1.0
101362,NCJSM,P,8.67,1.0
101362,NCJSS,P,5.42,1.0
101362,NCJST,P,3.3,1.0
101362,NCJTG,P,7.03,0.2
101362,NCJUC,P,9.04,0.1
101659,NCBAP,P,20.88,0.2
101659,NCBAV,P,16.11,1.0
101659,NCBBN,P,18.85,0.1
101659,NCBCG,P,12.72,0.1
101659,NCBCW,P,18.8,0.1
101659,NCBEM,P,15.49,0.1
101659,NCBJO,P,14.45,0.2
101659,NCBLR,P,15.1,1.0
101659,NCBMS,P,18.36,0.1
101659,NCBPC,P,14.08,0.2
101659,NCBPF,P,20.11,0.5
101659,NCBPI,P,16.82,0.2
101659,NCBPR,P,16.87,0.2
101659,NCBRM,P,17.04,0.1
101659,NCBSC,P,14.53,0.1
101659,NCBSG,P,18.24,0.5
101659,NCBSL,P,11.87,0.1
101659,NCBSM,P,17.77,0.2
101659,NCBSR,P,12.48,0.1
101659,NCBVL,P,15.8,0.2
101659,NCBVY,P,12.07,0.2
101659,NCCAD,P,3.44,1.0
101659,NCCAI,P,15.91,0.2
101659,NCCAL,P,4.33,1.0
101659,NCCAO,P,2.75,1.0
101659,NCCAO,S,4.88,0.1
101659,NCCBR,P,12.98,0.1
101659,NCCBS,P,11.34,0.1
101659,NCCCO,P,1.71,1.0
101659,NCCCY,P,8.56,0.1
101659,NCCDA,P,9.71,0.2
101659,NCCDV,P,5.96,1.0
101659,NCCDV,S,10.54,0.1
101659,NCCLC,P,11.28,0.2
101659,NCCMH,P,2.81,1.0
101659,NCCMJ,P,6.12,1.0
101659,NCCML,P,4.33,1.0
101659,NCCMM,P,4.74,1.0
101659,NCCMN,P,7.29,1.0
101659,NCCMP,P,5.89,1.0
101659,NCCMR,P,6.5,1.0
101659,NCCOS,P,6.7,0.2
101659,NCCPL,P,8.7,1.0
101659,NCCRP,P,13.22,0.1
101659,NCCSA,P,8.29,0.5
101659,NCCSC,P,2.9,1.0
101659,NCCSP,P,17.14,0.5
101659,NCCST,P,8.21,1.0
101659,NCCVA,P,7.29,1.0
101659,NCCVL,P,7.95,1.0
101659,NCHAZ,P,8.69,0.2
101659,NCHBT,P,9.56,0.1
101659,NCHCB,P,7.65,1.0
101659,NCHCO,P,8.66,1.0
101659,NCHCP,P,7.93,1.0
101659,NCHCR,P,7.01,1.0
101659,NCHDL,P,9.38,0.5
101659,NCHFE,P,7.51,0.1
101659,NCHFH,P,9.09,1.0
101659,NCHFP,P,11.27,0.2
101659,NCHGS,P,5.41,1.0
101659,NCHGW,P,5.8,1.0
101659,NCHJS,P,11.22,0.2
101659,NCHKR,P,9.38,0.1
101659,NCHLT,P,9.99,0.2
101659,NCHMO,P,13.9,0.1
101659,NCHPL,P,7.65,1.0
101659,NCHPR,P,7.33,1.0
101659,NCHQR,P,11.56,0.2
101659,NCHSF,P,10.74,0.2
101659,NCHSL,P,10.7,0.1
101659,NCHSP,P,4.69,1.0
101659,NCJAL,P,4.49,1.0
101659,NCJBC,P,6.89,1.0
101659,NCJBG,P,10.91,0.2
101659,NCJBL,P,8.66,0.2
101659,NCJBM,P,8.1,0.2
101659,NCJBZ,P,6.7,0.2
101659,NCJCB,P,4.15,1.0
101659,NCJEC,P,5.82,1.0
101659,NCJEG,P,13.2,0.1
101659,NCJLT,P,8.8,0.2
101659,NCJLX,P,5.8,1.0
101659,NCJMG,P,14.02,0.1
101659,NCJPL,P,7.53,1.0
101659,NCJPP,P,9.17,0.5
101659,NCJPR,P,15.7,0.5
101659,NCJPS,P,11.18,0.1
101659,NCJRG,P,7.42,1.0
101659,NCJRR,P,5.23,1.0
101659,NCJSA,P,13.06,1.0
101659,NCJSC,P,7.65,0.2
101659,NCJSF,P,8.66,1.0
101659,NCJSM,P,8.63,0.5
101659,NCJSS,P,5.4,1.0
101659,NCJST,P,3.4,1.0
101659,NCJTG,P,6.94,0.5
101659,NCJUC,P,8.61,0.2
101659,NCMOY,P,19.86,0.1
101659,NCNLN,P,21.5,0.1
101659,NCNOL,P,21.5,0.1
101659,NCNSP,P,21.17,0.2
101659,NCNTA,P,18.27,0.1
101659,NCNTB,P,25.92,0.1
103138,NCBJC,P,15.19,0.1
103138,NCBJO,P,14.7,0.1
103138,NCBSR,P,12.9,0.5
103138,NCBVY,P,12.33,0.1
103138,NCCAD,P,3.47,0.1
103138,NCCAL,P,4.28,1.0
103138,NCCAO,P,2.76,1.0
103138,NCCCO,P,1.44,-1.0
103138,NCCDV,P,6.0,1.0
103138,NCCLC,P,11.93,0.1
103138,NCCMH,P,2.66,1.0
103138,NCCML,P,4.33,1.0
103138,NCCMM,P,4.79,1.0
103138,NCCMP,P,6.01,1.0
103138,NCCMR,P,6.55,1.0
103138,NCCSC,P,2.66,1.0
103138,NCCST,P,8.33,1.0
103138,NCCVA,P,7.31,0.1
103138,NCHCP,P,8.1,0.5
103138,NCHCR,P,7.13,0.1
103138,NCHDL,P,9.48,1.0
103138,NCHFP,P,11.56,0.1
103138,NCHGS,P,5.53,1.0
103138,NCHGW,P,5.89,1.0
103138,NCHPL,P,7.8,0.1
103138,NCHSP,P,4.78,1.0
103138,NCJAL,P,4.49,1.0
103138,NCJBG,P,11.07,0.1
103138,NCJBL,P,8.87,0.2
103138,NCJBM,P,8.13,0.1
103138,NCJBZ,P,6.74,0.5
103138,NCJCB,P,4.23,1.0
103138,NCJEC,P,5.91,1.0
103138,NCJHP,P,10.58,0.1
103138,NCJLX,P,5.86,0.1
103138,NCJMG,P,14.81,0.5
103138,NCJPP,P,9.22,0.1
103138,NCJRR,P,5.3,1.0
103138,NCJSC,P,7.7,0.1
103138,NCJSM,P,8.66,0.1
103138,NCJSS,P,5.41,0.5
103138,NCJST,P,3.33,1.0
103138,NCJTG,P,6.8,0.1
103138,NCJUC,P,9.53,0.2
114006,NCBAP,P,20.99,0.5
114006,NCBAV,P,15.78,0.5
114006,NCBCG,P,12.9,0.5
114006,NCBCW,P,18.65,0.5
114006,NCBEH,P,14.43,0.2
114006,NCBEM,P,15.27,0.5
114006,NCBHR,P,12.89,0.2
114006,NCBJO,P,14.36,0.5
114006,NCBMS,P,18.39,0.5
114006,NCBPF,P,20.09,0.5
114006,NCBPI,P,16.76,0.5
114006,NCBPR,P,16.8,0.5
114006,NCBSC,P,14.72,0.5
114006,NCBSM,P,17.61,0.5
114006,NCBSR,P,12.38,0.5
114006,NCBVL,P,15.95,0.2
114006,NCBVY,P,11.99,0.5
114006,NCCAD,P,3.39,1.0
114006,NCCAI,P,15.95,0.5
114006,NCCAL,P,4.37,1.0
114006,NCCAL,S,7.73,0.2
114006,NCCAO,P,2.74,1.0
114006,NCCAO,S,4.78,0.2
114006,NCCBR,P,12.85,0.5
114006,NCCBS,P,11.36,1.0
114006,NCCCO,P,1.71,1.0
114006,NCCCY,P,8.46,1.0
114006,NCCDA,P,9.65,0.5
114006,NCCDO,P,10.48,0.5
114006,NCCDV,P,5.99,1.0
114006,NCCLC,P,11.24,0.5
114006,NCCMC,P,14.1,1.0
114006,NCCMH,P,2.85,1.0
114006,NCCMJ,P,6.17,1.0
114006,NCCML,P,4.35,1.0
114006,NCCMM,P,4.74,1.0
114006,NCCMN,P,7.33,0.5
114006,NCCMO,P,12.01,0.2
114006,NCCMP,P,5.87,1.0
114006,NCCMR,P,6.53,1.0
114006,NCCOS,P,6.68,0.5
114006,NCCPL,P,8.67,0.5
114006,NCCRP,P,13.59,0.2
114006,NCCSA,P,8.35,0.5
114006,NCCSC,P,2.93,1.0
114006,NCCSH,P,9.67,0.5
114006,NCCSP,P,16.82,0.5
114006,NCCST,P,8.23,1.0
114006,NCCVA,P,7.33,1.0
114006,NCCVL,P,7.98,0.5
114006,NCHBT,P,9.6,0.5
114006,NCHCA,P,6.69,0.5
114006,NCHCB,P,7.6,1.0
114006,NCHCO,P,8.53,0.5
114006,NCHCR,P,6.94,1.0
114006,NCHDL,P,9.33,1.0
114006,NCHFE,P,7.42,0.5
114006,NCHFH,P,9.04,0.5
114006,NCHFP,P,11.21,0.5
114006,NCHGS,P,5.34,1.0
114006,NCHGW,P,5.75,1.0
114006,NCHJG,P,10.13,0.5
114006,NCHJS,P,11.1,0.2
114006,NCHKR,P,9.53,0.5
114006,NCHLT,P,9.89,0.2
114006,NCHMO,P,13.88,1.0
114006,NCHOR,P,8.01,0.2
114006,NCHPL,P,7.59,1.0
114006,NCHPR,P,7.26,1.0
114006,NCHQR,P,11.5,0.5
114006,NCHSF,P,10.66,0.2
114006,NCHSL,P,10.71,0.5
114006,NCHSP,P,4.63,1.0
114006,NCJAL,P,4.48,1.0
114006,NCJBC,P,6.91,1.0
114006,NCJBG,P,10.97,1.0
114006,NCJBL,P,8.81,0.2
114006,NCJBM,P,8.14,1.0
114006,NCJBZ,P,6.68,1.0
114006,NCJCB,P,4.1,1.0
114006,NCJEC,P,5.79,1.0
114006,NCJEG,P,12.66,0.5
114006,NCJHL,P,5.01,1.0
114006,NCJHP,P,10.53,1.0
114006,NCJLT,P,8.83,1.0
114006,NCJLX,P,5.82,1.0
114006,NCJMG,P,14.17,0.1
114006,NCJPL,P,7.52,0.5
114006,NCJPP,P,9.2,1.0
114006,NCJPR,P,15.76,0.5
114006,NCJPS,P,11.08,0.5
114006,NCJRG,P,7.39,0.5
114006,NCJRR,P,5.18,1.0
114006,NCJSA,P,12.75,0.5
114006,NCJSC,P,7.62,1.0
114006,NCJSF,P,8.7,1.0
114006,NCJSG,P,7.04,1.0
114006,NCJSJ,P,7.44,0.5
114006,NCJSM,P,8.65,1.0
114006,NCJSS,P,5.4,1.0
114006,NCJST,P,3.39,1.0
114006,NCJTG,P,6.9,1.0
114006,NCJUC,P,8.76,0.5
114006,NCMBO,P,20.15,1.0
114006,NCMHD,P,25.52,1.0
114006,NCMNH,P,20.23,1.0
114006,NCNHM,P,18.61,0.5
114006,NCNLN,P,22.15,0.2
114006,NCNOL,P,21.55,0.5
114006,NCNSP,P,20.67,0.5
114006,NCNTA,P,18.24,0.2
114006,NCNTB,P,26.17,0.2
126189,NCBAP,P,21.6,0.5
126189,NCBBG,P,17.91,1.0
126189,NCBJC,P,15.4,1.0
126189,NCBJO,P,14.75,0.1
126189,NCBPC,P,14.41,1.0
126189,NCBSC,P,14.93,0.2
126189,NCBVY,P,12.38,1.0
126189,NCCAD,P,3.47,0.5
126189,NCCAI,P,16.23,1.0
126189,NCCAL,P,4.29,1.0
126189,NCCAO,P,2.76,1.0
126189,NCCCO,P,1.46,-1.0
126189,NCCDV,P,5.98,0.5
126189,NCCLC,P,12.08,0.2
126189,NCCMH,P,2.67,1.0
126189,NCCMJ,P,6.12,0.5
126189,NCCML,P,4.32,0.5
126189,NCCMM,P,4.79,1.0
126189,NCCMN,P,7.36,0.5
126189,NCCMP,P,6.02,0.5
126189,NCCMR,P,6.54,0.5
126189,NCCOS,P,6.8,0.5
126189,NCCPL,P,8.55,0.1
126189,NCCSA,P,8.37,0.2
126189,NCCSC,P,2.64,0.5
126189,NCCST,P,8.31,0.5
126189,NCCVA,P,7.32,0.5
126189,NCCVL,P,7.89,0.2
126189,NCHAZ,P,8.85,0.5
126189,NCHBT,P,10.06,0.5
126189,NCHCA,P,6.65,0.1
126189,NCHCB,P,7.75,0.2
126189,NCHCO,P,8.67,0.1
126189,NCHCR,P,7.14,0.5
126189,NCHDL,P,9.47,0.2
126189,NCHFE,P,7.65,1.0
126189,NCHFH,P,9.35,0.5
126189,NCHFP,P,11.58,0.2
126189,NCHGS,P,5.54,0.5
126189,NCHGW,P,5.9,0.5
126189,NCHJG,P,10.3,0.5
126189,NCHKR,P,9.55,0.1
126189,NCHPL,P,7.81,0.5
126189,NCHPR,P,7.43,1.0
126189,NCHSF,P,11.26,1.0
126189,NCHSP,P,4.79,1.0
126189,NCJAL,P,3.95,0.2
126189,NCJBC,P,6.93,0.5
126189,NCJBG,P,11.26,0.2
126189,NCJBL,P,8.8,0.1
126189,NCJBM,P,8.13,1.0
126189,NCJBZ,P,6.77,0.5
126189,NCJCB,P,4.24,0.5
126189,NCJEC,P,5.88,0.5
126189,NCJEG,P,13.32,0.2
126189,NCJHL,P,5.07,1.0
126189,NCJHP,P,10.56,0.5
126189,NCJLX,P,5.84,0.5
126189,NCJMG,P,14.43,0.2
126189,NCJPP,P,9.2,0.5
126189,NCJPS,P,11.72,0.5
126189,NCJQW,P,7.56,0.1
126189,NCJRR,P,5.31,1.0
126189,NCJSA,P,13.02,0.1
126189,NCJSC,P,7.68,0.2
126189,NCJSF,P,8.7,0.5
126189,NCJSG,P,7.03,1.0
126189,NCJSJ,P,7.64,0.5
126189,NCJSM,P,8.64,0.5
126189,NCJSS,P,5.41,0.5
126189,NCJST,P,3.33,0.5
126189,NCJTG,P,6.97,0.2
126189,NCJUC,P,8.89,0.1
126292,NCBVY,P,12.2,0.2
126292,NCCAD,P,3.45,0.5
126292,NCCAL,P,4.3,0.5
126292,NCCAL,S,7.84,0.1
126292,NCCAO,P,2.76,1.0
126292,NCCAO,S,4.93,0.1
126292,NCCCO,P,1.43,-1.0
126292,NCCDV,P,6.02,1.0
126292,NCCMH,P,2.65,0.5
126292,NCCMJ,P,6.12,0.2
126292,NCCML,P,4.34,1.0
126292,NCCMM,P,4.81,1.0
126292,NCCMN,P,7.37,0.5
126292,NCCMP,P,6.0,1.0
126292,NCCMR,P,6.56,1.0
126292,NCCSC,P,2.66,0.5
126292,NCCST,P,8.3,0.5
126292,NCCVA,P,7.32,0.5
126292,NCHCA,P,7.03,0.5
126292,NCHCB,P,7.77,0.1
126292,NCHCO,P,8.26,0.1
126292,NCHCR,P,7.13,0.5
126292,NCHDL,P,9.48,0.2
126292,NCHFP,P,11.45,0.1
126292,NCHGS,P,5.52,1.0
126292,NCHGW,P,5.89,0.5
126292,NCHJG,P,10.29,0.2
126292,NCHKR,P,9.4,0.2
126292,NCHPL,P,7.78,0.5
126292,NCHPR,P,7.42,0.5
126292,NCHQR,P,11.72,0.1
126292,NCHSP,P,4.77,1.0
126292,NCJAL,P,4.49,1.0
126292,NCJBC,P,6.94,0.2
126292,NCJBM,P,8.15,0.2
126292,NCJBZ,P,6.76,1.0
126292,NCJCB,P,4.23,1.0
126292,NCJEC,P,5.86,1.0
126292,NCJHL,P,5.07,1.0
126292,NCJHP,P,10.65,0.2
126292,NCJLX,P,5.87,0.1
126292,NCJMG,P,14.44,0.2
126292,NCJPP,P,9.22,0.5
126292,NCJPS,P,11.19,0.2
126292,NCJRG,P,7.36,0.1
126292,NCJRR,P,5.3,1.0
126292,NCJSA,P,13.22,0.1
126292,NCJSG,P,7.04,0.2
126292,NCJSJ,P,7.63,0.2
126292,NCJSM,P,8.66,0.5
126292,NCJSS,P,5.4,0.5
126292,NCJST,P,3.33,0.5
126389,NCBBG,P,17.65,0.1
126389,NCBJC,P,15.1,0.2
126389,NCBJO,P,14.64,0.2
126389,NCBPC,P,14.33,0.5
126389,NCBSR,P,12.59,0.2
126389,NCBVY,P,12.21,0.5
126389,NCCAD,P,3.45,1.0
126389,NCCAI,P,16.15,0.2
126389,NCCAL,P,4.29,1.0
126389,NCCAO,P,2.75,1.0
126389,NCCAO,S,4.91,0.1
126389,NCCBS,P,11.52,0.2
126389,NCCCO,P,1.43,-1.0
126389,NCCDO,P,10.58,0.2
126389,NCCDV,P,6.01,1.0
126389,NCCLC,P,11.39,1.0
126389,NCCMH,P,2.67,1.0
126389,NCCMJ,P,6.12,1.0
126389,NCCML,P,4.33,1.0
126389,NCCMM,P,4.79,1.0
126389,NCCMN,P,7.33,0.5
126389,NCCMP,P,5.99,1.0
126389,NCCMR,P,6.55,1.0
126389,NCCPL,P,8.64,0.2
126389,NCCSC,P,2.65,1.0
126389,NCCST,P,8.3,1.0
126389,NCCVA,P,7.33,0.5
126389,NCCVL,P,7.94,0.5
126389,NCHAZ,P,8.8,0.2
126389,NCHCA,P,6.62,0.2
126389,NCHCB,P,7.72,0.5
126389,NCHCO,P,8.67,1.0
126389,NCHCR,P,7.09,1.0
126389,NCHDL,P,9.42,0.5
126389,NCHFE,P,7.59,0.5
126389,NCHFH,P,9.41,0.1
126389,NCHFP,P,11.37,0.2
126389,NCHGS,P,5.51,1.0
126389,NCHGW,P,5.88,1.0
126389,NCHJG,P,10.27,0.2
126389,NCHJS,P,11.59,0.5
126389,NCHOR,P,8.34,0.2
126389,NCHPL,P,7.78,1.0
126389,NCHPR,P,7.41,1.0
126389,NCHSP,P,4.76,1.0
126389,NCJAL,P,4.47,0.5
126389,NCJBC,P,6.9,1.0
126389,NCJBG,P,11.0,0.5
126389,NCJBL,P,8.68,0.5
126389,NCJBM,P,8.11,1.0
126389,NCJBZ,P,5.73,0.1
126389,NCJCB,P,4.21,1.0
126389,NCJEC,P,5.86,0.5
126389,NCJEG,P,13.14,0.1
126389,NCJHL,P,5.05,1.0
126389,NCJHP,P,10.56,1.0
126389,NCJLX,P,5.77,0.5
126389,NCJMG,P,14.25,0.2
126389,NCJPL,P,7.64,0.5
126389,NCJPP,P,9.19,1.0
126389,NCJPS,P,11.47,0.2
126389,NCJQB,P,7.63,0.5
126389,NCJQS,P,7.62,0.5
126389,NCJQW,P,7.74,1.0
126389,NCJRR,P,5.28,1.0
126389,NCJSA,P,12.93,0.1
126389,NCJSC,P,7.67,0.5
126389,NCJSF,P,8.69,1.0
126389,NCJSG,P,7.02,1.0
126389,NCJSJ,P,7.62,0.5
126389,NCJSM,P,8.63,0.5
126389,NCJSS,P,5.39,0.5
126389,NCJST,P,3.32,1.0
126389,NCJTR,P,8.75,1.0
126389,NCJUC,P,8.77,0.2
148939,NCBJC,P,15.17,1.0
148939,NCBPC,P,14.25,0.5
148939,NCBSR,P,12.6,1.0
148939,NCBVY,P,12.3,0.2
148939,NCCAD,P,3.44,1.0
148939,NCCAL,P,4.27,0.5
148939,NCCAO,P,2.73,1.0
148939,NCCCO,P,1.41,0.5
148939,NCCCY,P,8.6,1.0
148939,NCCDV,P,6.01,0.5
148939,NCCMH,P,2.64,0.5
148939,NCCMJ,P,6.11,0.5
148939,NCCML,P,4.32,1.0
148939,NCCMM,P,4.77,1.0
148939,NCCMN,P,7.51,1.0
148939,NCCMP,P,5.98,0.2
148939,NCCMR,P,6.54,0.5
148939,NCCSC,P,2.63,0.5
148939,NCCST,P,8.29,0.5
148939,NCCVA,P,7.3,0.2
148939,NCHCA,P,6.84,1.0
148939,NCHCO,P,8.6,1.0
148939,NCHCR,P,7.12,1.0
148939,NCHDL,P,7.43,0.1
148939,NCHFH,P,9.33,0.5
148939,NCHGS,P,5.49,0.2
148939,NCHGW,P,5.86,1.0
148939,NCHOR,P,8.36,0.1
148939,NCHSP,P,4.73,1.0
148939,NCJAL,P,4.44,0.2
148939,NCJBC,P,6.9,0.2
148939,NCJBM,P,8.1,0.2
148939,NCJBZ,P,6.73,0.5
148939,NCJCB,P,4.2,1.0
148939,NCJEC,P,5.86,0.2
148939,NCJHL,P,5.04,1.0
148939,NCJLX,P,5.8,0.2
148939,NCJNA,P,4.19,1.0
148939,NCJPP,P,9.26,1.0
148939,NCJRG,P,7.96,0.5
148939,NCJRR,P,5.28,1.0
148939,NCJSF,P,8.91,0.2
148939,NCJSG,P,6.99,0.2
148939,NCJSJ,P,7.68,1.0
148939,NCJSM,P,8.73,0.2
148939,NCJSS,P,5.39,0.2
148939,NCJST,P,3.3,0.5
148939,NCJTG,P,7.17,0.2
148939,NCJUC,P,8.68,0.1
148939,NCJUM,P,5.06,0.2
154124,NCBAV,P,16.03,1.0
154124,NCBBG,P,17.75,1.0
154124,NCBCG,P,13.76,0.5
154124,NCBCW,P,18.87,0.1
154124,NCBEH,P,14.77,0.5
154124,NCBEM,P,15.33,0.2
154124,NCBHR,P,13.03,0.2
154124,NCBJO,P,14.57,1.0
154124,NCBMS,P,18.3,1.0
154124,NCBPC,P,14.06,1.0
154124,NCBPI,P,16.89,1.0
154124,NCBSC,P,14.73,1.0
154124,NCBSG,P,17.58,0.2
154124,NCBSL,P,11.83,0.5
154124,NCBSM,P,17.87,0.1
154124,NCBSR,P,12.43,0.5
154124,NCBVL,P,16.53,0.1
154124,NCBVY,P,12.09,1.0
154124,NCCAD,P,3.43,1.0
154124,NCCAI,P,16.07,1.0
154124,NCCAL,P,4.31,1.0
154124,NCCAL,S,7.5,0.2
154124,NCCAO,P,2.75,1.0
154124,NCCAO,S,4.85,0.2
154124,NCCBS,P,11.39,0.5
154124,NCCCO,P,1.72,1.0
154124,NCCCY,P,8.58,0.1
154124,NCCDV,P,5.95,1.0
154124,NCCDV,S,10.52,0.2
154124,NCCLC,P,11.26,0.5
154124,NCCMH,P,2.79,1.0
154124,NCCMJ,P,6.1,0.5
154124,NCCML,P,4.3,1.0
154124,NCCMN,P,7.29,1.0
154124,NCCMP,P,5.9,1.0
154124,NCCMR,P,6.47,0.1
154124,NCCPL,P,8.67,0.5
154124,NCCSA,P,8.29,0.5
154124,NCCSC,P,2.88,1.0
154124,NCCSH,P,9.61,0.5
154124,NCCSP,P,17.2,0.2
154124,NCCST,P,8.19,1.0
154124,NCCVA,P,7.27,1.0
154124,NCHAZ,P,8.69,0.2
154124,NCHBT,P,9.91,0.5
154124,NCHCA,P,6.34,0.5
154124,NCHCB,P,7.67,0.5
154124,NCHCO,P,8.56,0.2
154124,NCHCR,P,7.01,1.0
154124,NCHDL,P,9.37,1.0
154124,NCHER,P,10.09,0.5
154124,NCHFE,P,7.48,0.5
154124,NCHFH,P,9.08,0.2
154124,NCHFP,P,11.32,0.5
154124,NCHGS,P,5.41,1.0
154124,NCHGW,P,5.79,1.0
154124,NCHJG,P,9.83,0.1
154124,NCHJS,P,11.21,1.0
154124,NCHKR,P,9.46,1.0
154124,NCHLT,P,10.17,0.5
154124,NCHOR,P,8.31,0.1
154124,NCHPL,P,7.65,1.0
154124,NCHPR,P,7.33,1.0
154124,NCHQR,P,11.54,0.5
154124,NCHSL,P,10.71,0.5
154124,NCHSP,P,4.31,0.5
154124,NCJAL,P,4.47,1.0
154124,NCJBC,P,6.9,1.0
154124,NCJBG,P,10.91,0.5
154124,NCJBL,P,9.19,0.5
154124,NCJBM,P,8.1,1.0
154124,NCJBZ,P,6.7,1.0
154124,NCJCB,P,4.15,1.0
154124,NCJEC,P,5.82,1.0
154124,NCJEL,P,8.32,1.0
154124,NCJHL,P,5.03,1.0
154124,NCJHP,P,10.5,1.0
154124,NCJLX,P,5.81,1.0
154124,NCJMG,P,14.3,0.1
154124,NCJNA,P,4.23,1.0
154124,NCJPL,P,7.54,1.0
154124,NCJPP,P,9.18,1.0
154124,NCJPS,P,11.03,0.5
154124,NCJRG,P,7.42,1.0
154124,NCJRR,P,5.23,1.0
154124,NCJSA,P,12.75,0.5
154124,NCJSC,P,7.62,0.5
154124,NCJSF,P,8.65,1.0
154124,NCJSG,P,7.0,1.0
154124,NCJSJ,P,7.61,1.0
154124,NCJSM,P,8.61,1.0
154124,NCJSS,P,5.39,1.0
154124,NCJST,P,3.39,1.0
154124,NCJTG,P,6.92,1.0
154124,NCJUC,P,8.73,1.0
154124,NCJUM,P,5.08,1.0
154124,NCMHD,P,25.34,0.5
154124,NCNLN,P,22.58,1.0
154124,NCNOL,P,21.51,0.5
154124,NCNTA,P,18.34,0.5
160503,NCBJC,P,15.43,0.5
160503,NCBSR,P,12.71,0.5
160503,NCBVY,P,12.39,1.0
160503,NCCAD,P,3.45,1.0
160503,NCCAL,P,4.26,1.0
160503,NCCAO,P,2.75,1.0
160503,NCCCO,P,1.45,-1.0
160503,NCCCY,P,8.6,0.5
160503,NCCDV,P,5.98,1.0
160503,NCCMH,P,2.64,0.5
160503,NCCMJ,P,6.1,1.0
160503,NCCML,P,4.3,1.0
160503,NCCMM,P,4.77,1.0
160503,NCCMP,P,5.99,1.0
160503,NCCOS,P,6.68,0.2
160503,NCCSC,P,2.64,0.2
160503,NCCST,P,8.29,0.5
160503,NCCVA,P,7.22,0.5
160503,NCCVL,P,8.07,0.5
160503,NCHAZ,P,8.93,0.2
160503,NCHCA,P,6.64,0.2
160503,NCHCR,P,7.13,0.5
160503,NCHDL,P,9.41,0.2
160503,NCHFE,P,7.74,0.1
160503,NCHFH,P,9.83,0.2
160503,NCHFP,P,11.51,0.2
160503,NCHGS,P,5.53,1.0
160503,NCHGW,P,5.88,1.0
160503,NCHPL,P,7.79,0.5
160503,NCHSP,P,4.77,1.0
160503,NCJAL,P,4.47,1.0
160503,NCJBC,P,6.92,1.0
160503,NCJBM,P,8.09,0.2
160503,NCJCB,P,4.23,1.0
160503,NCJEC,P,5.88,1.0
160503,NCJHL,P,5.05,1.0
160503,NCJHP,P,10.53,0.2
160503,NCJLX,P,5.8,0.5
160503,NCJNA,P,4.21,0.5
160503,NCJPL,P,7.44,1.0
160503,NCJPP,P,9.22,0.5
160503,NCJRR,P,5.35,1.0
160503,NCJSC,P,7.65,0.2
160503,NCJSF,P,8.66,0.2
160503,NCJSG,P,6.99,0.2
160503,NCJSS,P,5.38,0.5
160503,NCJST,P,3.37,1.0
17272,NCBPC,P,14.19,0.1
17272,NCBVY,P,12.2,1.0
17272,NCCAD,P,3.46,1.0
17272,NCCAL,P,4.25,1.0
17272,NCCAO,P,2.74,1.0
17272,NCCCO,P,1.74,0.2
17272,NCCDV,P,5.9,0.1
17272,NCCMH,P,2.74,0.5
17272,NCCMJ,P,6.04,0.2
17272,NCCML,P,4.27,0.1
17272,NCCMM,P,4.69,0.2
17272,NCCMP,P,5.9,0.1
17272,NCCSC,P,2.86,0.5
17272,NCCST,P,8.16,1.0
17272,NCCVA,P,7.22,0.2
17272,NCCVL,P,7.87,1.0
17272,NCGRT,P,24.79,0.1
17272,NCHCA,P,6.95,0.5
17272,NCHCO,P,8.11,0.2
17272,NCHCP,P,7.95,0.1
17272,NCHCR,P,7.02,0.5
17272,NCHDL,P,9.43,1.0
17272,NCHGS,P,5.42,0.5
17272,NCHGW,P,5.62,0.2
17272,NCHKR,P,9.5,0.1
17272,NCHOR,P,8.42,0.2
17272,NCHPL,P,7.65,0.2
17272,NCHPR,P,7.35,0.1
17272,NCHQR,P,11.71,0.2
17272,NCHSP,P,4.72,1.0
17272,NCJAL,P,4.49,0.5
17272,NCJBC,P,6.9,1.0
17272,NCJBM,P,8.2,0.5
17272,NCJBZ,P,6.74,1.0
17272,NCJCB,P,4.16,1.0
17272,NCJEC,P,5.83,0.5
17272,NCJHL,P,5.03,1.0
17272,NCJHP,P,10.53,0.5
17272,NCJLX,P,5.84,1.0
17272,NCJMG,P,13.24,0.1
17272,NCJPP,P,9.24,1.0
17272,NCJRG,P,7.5,0.1
17272,NCJSA,P,13.02,0.2
17272,NCJSG,P,6.5,0.1
17272,NCJSJ,P,7.66,1.0
17272,NCJSM,P,8.6,0.2
17272,NCJSS,P,5.37,0.2
17272,NCJST,P,3.38,0.2
17272,NCJTG,P,11.43,0.2
17272,NCJUC,P,8.85,0.5
17526,NCBAV,P,15.96,1.0
17526,NCBBG,P,17.72,1.0
17526,NCBBN,P,18.34,1.0
17526,NCBCG,P,13.29,1.0
17526,NCBEH,P,13.75,0.1
17526,NCBEM,P,15.64,1.0
17526,NCBHR,P,12.99,0.2
17526,NCBHS,P,18.09,0.2
17526,NCBJC,P,14.84,1.0
17526,NCBJO,P,14.46,1.0
17526,NCBLR,P,14.92,1.0
17526,NCBPC,P,14.08,1.0
17526,NCBPF,P,19.99,0.5
17526,NCBPI,P,16.88,1.0
17526,NCBSG,P,17.6,0.5
17526,NCBSL,P,12.3,1.0
17526,NCBSR,P,12.47,1.0
17526,NCBVY,P,12.14,1.0
17526,NCCAD,P,3.42,1.0
17526,NCCAI,P,15.95,1.0
17526,NCCAL,P,4.29,1.0
17526,NCCAO,P,2.73,1.0
17526,NCCBW,P,15.88,0.2
17526,NCCCO,P,1.71,1.0
17526,NCCDV,P,5.98,0.5
17526,NCCMC,P,14.04,1.0
17526,NCCMH,P,2.77,1.0
17526,NCCMJ,P,6.11,1.0
17526,NCCML,P,4.3,1.0
17526,NCCMM,P,4.71,1.0
17526,NCCMO,P,11.95,0.1
17526,NCCMP,P,5.89,1.0
17526,NCCMR,P,6.48,0.5
17526,NCCPL,P,8.74,1.0
17526,NCCRP,P,13.42,0.1
17526,NCCSC,P,2.87,1.0
17526,NCCSH,P,9.87,0.2
17526,NCCST,P,8.19,0.5
17526,NCCVA,P,7.25,0.5
17526,NCCVL,P,7.98,1.0
17526,NCGPM,P,34.22,0.2
17526,NCHAZ,P,8.72,0.2
17526,NCHBT,P,9.64,0.5
17526,NCHCA,P,6.4,0.1
17526,NCHCO,P,8.59,1.0
17526,NCHCP,P,7.95,1.0
17526,NCHCR,P,7.0,1.0
17526,NCHDL,P,9.38,0.5
17526,NCHFE,P,7.56,0.2
17526,NCHFH,P,9.2,1.0
17526,NCHFP,P,11.39,0.1
17526,NCHGS,P,5.41,1.0
17526,NCHGW,P,5.79,1.0
17526,NCHJG,P,10.18,1.0
17526,NCHJS,P,11.24,1.0
17526,NCHKR,P,9.47,0.1
17526,NCHMO,P,13.88,1.0
17526,NCHOR,P,8.1,0.5
17526,NCHPH,P,10.41,1.0
17526,NCHPL,P,7.62,1.0
17526,NCHQR,P,11.41,0.5
17526,NCHSF,P,10.76,1.0
17526,NCHSL,P,10.87,0.5
17526,NCHSP,P,4.7,1.0
17526,NCJAL,P,4.47,1.0
17526,NCJBC,P,6.91,1.0
17526,NCJBG,P,10.99,0.5
17526,NCJBL,P,9.16,0.1
17526,NCJBM,P,8.1,1.0
17526,NCJBZ,P,6.68,0.5
17526,NCJCB,P,4.13,1.0
17526,NCJEC,P,5.83,0.5
17526,NCJEG,P,13.5,0.1
17526,NCJHL,P,5.02,1.0
17526,NCJHP,P,10.72,1.0
17526,NCJLT,P,8.85,1.0
17526,NCJLX,P,5.81,1.0
17526,NCJMG,P,14.42,0.1
17526,NCJPL,P,7.53,0.5
17526,NCJPP,P,9.22,0.5
17526,NCJPR,P,15.62,1.0
17526,NCJPS,P,11.1,1.0
17526,NCJRG,P,7.45,1.0
17526,NCJRR,P,5.22,1.0
17526,NCJSA,P,13.08,0.2
17526,NCJSF,P,8.66,1.0
17526,NCJSG,P,7.0,1.0
17526,NCJSJ,P,7.63,1.0
17526,NCJSM,P,8.64,1.0
17526,NCJSS,P,5.39,0.5
17526,NCJST,P,3.39,1.0
17526,NCJTG,P,6.95,1.0
17526,NCJUC,P,7.39,0.1
17526,NCMHD,P,25.42,0.1
17526,NCMNP,P,28.11,0.5
17526,NCMYL,P,18.59,0.5
17526,NCNLH,P,18.7,0.2
17526,NCNLN,P,22.13,0.1
17526,NCNSP,P,21.28,0.5
17526,NCPAP,P,25.07,0.1
17526,NCPBY,P,27.18,0.2
17526,NCPHR,P,21.79,0.5
17526,NCPJL,P,23.04,0.2
17526,NCPSE,P,26.94,0.1
17842,NCBHR,P,14.16,0.2
17842,NCBJO,P,14.89,0.2
17842,NCBSL,P,14.3,0.5
17842,NCBSR,P,12.68,1.0
17842,NCBVY,P,12.33,0.5
17842,NCCAD,P,3.42,0.5
17842,NCCAI,P,16.23,0.2
17842,NCCAL,P,4.28,0.5
17842,NCCAO,P,2.73,1.0
17842,NCCCO,P,1.43,-1.0
17842,NCCDV,P,6.01,0.5
17842,NCCMH,P,2.66,0.5
17842,NCCMJ,P,6.2,1.0
17842,NCCML,P,4.33,0.5
17842,NCCMM,P,4.78,1.0
17842,NCCMP,P,6.03,1.0
17842,NCCMR,P,6.55,0.5
17842,NCCSC,P,2.66,0.5
17842,NCCST,P,8.29,1.0
17842,NCCVA,P,7.29,0.1
17842,NCCVL,P,7.98,1.0
17842,NCHCA,P,7.03,1.0
17842,NCHCO,P,8.78,0.5
17842,NCHCR,P,7.12,1.0
17842,NCHDL,P,9.51,1.0
17842,NCHFE,P,7.62,0.2
17842,NCHFH,P,9.26,0.2
17842,NCHFP,P,11.54,0.1
17842,NCHGS,P,5.5,1.0
17842,NCHGW,P,5.88,1.0
17842,NCHJG,P,10.37,0.2
17842,NCHKR,P,9.73,0.5
17842,NCHOR,P,8.45,0.2
17842,NCHPL,P,7.75,1.0
17842,NCHQR,P,12.29,0.2
17842,NCHSF,P,10.96,0.1
17842,NCHSP,P,4.75,1.0
17842,NCJAL,P,4.47,0.5
17842,NCJBC,P,6.94,1.0
17842,NCJBL,P,9.22,0.1
17842,NCJBM,P,8.17,0.5
17842,NCJBZ,P,7.1,0.2
17842,NCJCB,P,4.21,0.5
17842,NCJEC,P,5.87,0.1
17842,NCJHL,P,5.05,1.0
17842,NCJHP,P,10.62,1.0
17842,NCJLT,P,8.94,0.1
17842,NCJLX,P,5.82,0.5
17842,NCJMG,P,14.46,0.2
17842,NCJPP,P,9.37,0.5
17842,NCJRG,P,7.53,0.1
17842,NCJSA,P,12.99,0.5
17842,NCJSF,P,8.71,0.5
17842,NCJSG,P,7.18,0.2
17842,NCJSJ,P,7.65,1.0
17842,NCJSM,P,8.86,0.1
17842,NCJSS,P,5.39,0.1
17842,NCJST,P,3.35,0.5
17842,NCJTG,P,7.01,0.5
17842,NCJUC,P,8.93,0.2
215747,NCBEM,P,15.54,0.2
215747,NCBJC,P,15.11,0.2
215747,NCBPC,P,14.34,0.2
215747,NCBSR,P,12.56,0.2
215747,NCBVL,P,16.14,0.2
215747,NCBVY,P,12.23,0.2
215747,NCCAD,P,3.42,1.0
215747,NCCAI,P,16.1,1.0
215747,NCCAL,P,4.29,1.0
215747,NCCAO,P,2.75,1.0
215747,NCCAO,S,4.9,0.2
215747,NCCCO,P,1.42,-1.0
215747,NCCCY,P,8.46,0.2
215747,NCCDV,P,6.01,1.0
215747,NCCLC,P,11.54,0.2
215747,NCCMH,P,2.66,0.5
215747,NCCMJ,P,6.11,0.5
215747,NCCML,P,4.33,1.0
215747,NCCMM,P,4.82,1.0
215747,NCCMP,P,6.0,0.5
215747,NCCMR,P,6.56,0.5
215747,NCCSC,P,2.66,0.2
215747,NCCST,P,8.29,0.5
215747,NCCVA,P,7.28,0.5
215747,NCHCA,P,7.06,1.0
215747,NCHCB,P,7.72,0.5
215747,NCHCO,P,8.74,0.1
215747,NCHCR,P,7.11,0.5
215747,NCHDL,P,9.46,0.5
215747,NCHFE,P,8.07,0.5
215747,NCHFP,P,11.54,0.1
215747,NCHGS,P,5.51,1.0
215747,NCHGW,P,5.86,1.0
215747,NCHJG,P,10.27,0.2
215747,NCHJS,P,11.35,0.2
215747,NCHOR,P,8.42,0.1
215747,NCHPL,P,7.76,0.5
215747,NCHSP,P,4.74,1.0
215747,NCJAL,P,4.46,0.5
215747,NCJBC,P,6.92,1.0
215747,NCJBM,P,8.13,0.2
215747,NCJBZ,P,6.73,0.5
215747,NCJCB,P,4.21,1.0
215747,NCJEC,P,5.86,0.2
215747,NCJHL,P,5.04,1.0
215747,NCJHP,P,10.56,0.5
215747,NCJJR,P,9.7,0.2
215747,NCJLX,P,5.82,1.0
215747,NCJNA,P,4.2,0.5
215747,NCJPL,P,7.58,0.2
215747,NCJPP,P,9.22,0.2
215747,NCJPS,P,11.7,0.2
215747,NCJRG,P,7.44,0.2
215747,NCJRR,P,5.28,1.0
215747,NCJSA,P,12.82,0.1
215747,NCJSC,P,7.63,0.2
215747,NCJSF,P,8.69,0.5
215747,NCJSM,P,8.64,0.5
215747,NCJST,P,3.3,1.0
215747,NCJTG,P,6.97,0.5
215747,NCJUM,P,5.08,0.5
23190,NCBSR,P,12.72,1.0
23190,NCBVY,P,12.35,0.2
23190,NCCAD,P,3.27,0.2
23190,NCCAI,P,16.29,0.5
23190,NCCAL,P,4.28,1.0
23190,NCCAO,P,2.76,1.0
23190,NCCCO,P,1.44,-1.0
23190,NCCDV,P,5.99,0.5
23190,NCCMJ,P,6.09,0.5
23190,NCCML,P,4.34,1.0
23190,NCCMM,P,4.79,1.0
23190,NCCMN,P,7.19,0.1
23190,NCCMR,P,6.52,0.5
23190,NCCSC,P,2.62,0.5
23190,NCCST,P,8.27,0.2
23190,NCCVA,P,7.3,1.0
23190,NCCVL,P,7.96,0.1
23190,NCHCA,P,6.51,0.1
23190,NCHCB,P,7.71,0.1
23190,NCHCP,P,8.08,1.0
23190,NCHCR,P,7.12,0.2
23190,NCHDL,P,9.76,0.5
23190,NCHFE,P,7.75,0.1
23190,NCHFP,P,11.49,0.2
23190,NCHGS,P,5.5,0.5
23190,NCHGW,P,5.89,0.2
23190,NCHJG,P,10.31,0.2
23190,NCHPL,P,7.76,0.5
23190,NCHPR,P,7.43,0.2
23190,NCHQR,P,11.73,0.2
23190,NCHSF,P,11.29,1.0
23190,NCHSP,P,4.78,1.0
23190,NCJAL,P,4.46,1.0
23190,NCJBC,P,6.92,0.2
23190,NCJBG,P,10.81,0.1
23190,NCJBL,P,8.87,0.1
23190,NCJBM,P,8.11,0.5
23190,NCJBZ,P,6.75,0.5
23190,NCJCB,P,4.24,1.0
23190,NCJHL,P,5.07,1.0
23190,NCJHP,P,10.57,1.0
23190,NCJLX,P,5.85,0.2
23190,NCJMG,P,14.39,0.5
23190,NCJPL,P,8.14,0.1
23190,NCJPP,P,9.28,1.0
23190,NCJRG,P,8.19,0.2
23190,NCJRR,P,5.3,1.0
23190,NCJSA,P,13.16,0.2
23190,NCJSF,P,4.71,0.1
23190,NCJSG,P,7.03,0.1
23190,NCJSJ,P,7.6,0.1
23190,NCJSS,P,5.39,1.0
23190,NCJST,P,3.35,0.2
23190,NCJTG,P,7.89,0.5
23195,NCBAV,P,15.93,1.0
23195,NCBCG,P,13.37,0.2
23195,NCBEM,P,15.32,0.1
23195,NCBHS,P,18.09,0.2
23195,NCBLR,P,14.76,1.0
23195,NCBPP,P,21.18,0.2
23195,NCBSG,P,17.63,0.1
23195,NCBSL,P,12.35,0.2
23195,NCBSR,P,12.5,1.0
23195,NCBVY,P,11.56,0.2
23195,NCCAD,P,3.42,0.5
23195,NCCAI,P,16.03,1.0
23195,NCCAL,P,4.31,1.0
23195,NCCAO,P,2.74,1.0
23195,NCCBS,P,11.37,1.0
23195,NCCCO,P,1.69,-1.0
23195,NCCDO,P,9.38,0.2
23195,NCCDV,P,5.96,0.5
23195,NCCLC,P,11.92,0.2
23195,NCCMC,P,13.07,0.2
23195,NCCMJ,P,6.11,0.5
23195,NCCML,P,4.31,1.0
23195,NCCMM,P,4.72,1.0
23195,NCCMN,P,7.28,0.5
23195,NCCMO,P,11.78,0.2
23195,NCCMR,P,6.46,0.5
23195,NCCOS,P,6.69,0.2
23195,NCCPL,P,8.69,0.5
23195,NCCRA,P,11.79,0.5
23195,NCCRP,P,13.69,0.2
23195,NCCSA,P,8.19,0.2
23195,NCCSC,P,2.87,1.0
23195,NCCSH,P,7.33,0.1
23195,NCCSP,P,17.11,0.1
23195,NCCST,P,8.18,0.5
23195,NCCVA,P,7.28,0.5
23195,NCCVL,P,7.94,0.2
23195,NCGSG,P,21.66,0.1
23195,NCHAZ,P,8.67,0.5
23195,NCHBT,P,9.88,0.2
23195,NCHCA,P,6.38,0.1
23195,NCHCB,P,7.62,0.2
23195,NCHCO,P,8.66,0.2
23195,NCHCP,P,7.92,1.0
23195,NCHCR,P,6.99,1.0
23195,NCHDL,P,9.36,0.5
23195,NCHFE,P,7.48,0.2
23195,NCHFH,P,6.31,1.0
23195,NCHFP,P,11.25,0.1
23195,NCHGS,P,5.38,1.0
23195,NCHGW,P,5.78,0.5
23195,NCHJG,P,10.15,0.2
23195,NCHJS,P,11.12,0.1
23195,NCHLT,P,9.83,0.2
23195,NCHMO,P,13.79,1.0
23195,NCHPL,P,7.63,1.0
23195,NCHPR,P,7.32,1.0
23195,NCHQR,P,11.54,1.0
23195,NCJAL,P,4.46,0.5
23195,NCJBC,P,6.85,0.2
23195,NCJBL,P,8.78,1.0
23195,NCJBM,P,8.09,0.5
23195,NCJBZ,P,6.67,0.2
23195,NCJCB,P,4.13,1.0
23195,NCJEG,P,12.85,0.2
23195,NCJHL,P,5.02,1.0
23195,NCJHP,P,10.47,0.2
23195,NCJLT,P,8.79,0.2
23195,NCJLX,P,5.79,1.0
23195,NCJMG,P,13.85,0.5
23195,NCJPL,P,7.45,0.1
23195,NCJPP,P,9.16,0.2
23195,NCJPR,P,15.62,0.5
23195,NCJPS,P,11.24,1.0
23195,NCJRG,P,7.43,0.2
23195,NCJRR,P,5.21,1.0
23195,NCJSA,P,12.91,0.2
23195,NCJSF,P,8.65,0.5
23195,NCJSG,P,7.0,0.2
23195,NCJSJ,P,7.61,0.2
23195,NCJSM,P,8.63,0.1
23195,NCJSS,P,5.38,1.0
23195,NCJST,P,3.38,1.0
23195,NCJUC,P,8.67,0.2
23195,NCMYL,P,18.59,1.0
23195,NCNCF,P,26.21,0.2
23195,NCNHM,P,18.66,0.2
23195,NCNLN,P,21.65,1.0
23195,NCNMW,P,31.64,0.1
23195,NCNTB,P,26.56,0.5
23195,NCPIV,P,30.58,0.2
238704,NCBAP,P,21.57,1.0
238704,NCBJC,P,15.24,1.0
238704,NCBJO,P,14.74,0.2
238704,NCBPC,P,14.39,1.0
238704,NCBPR,P,17.95,0.2
238704,NCBVY,P,11.9,0.1
238704,NCCAD,P,3.46,1.0
238704,NCCAI,P,16.16,1.0
238704,NCCAL,P,4.28,1.0
238704,NCCAO,P,2.75,1.0
238704,NCCBS,P,11.51,0.5
238704,NCCCO,P,1.45,-1.0
238704,NCCDV,P,6.0,1.0
238704,NCCLC,P,11.4,0.5
238704,NCCMH,P,2.65,1.0
238704,NCCMJ,P,6.12,0.5
238704,NCCML,P,4.33,1.0
238704,NCCMM,P,4.58,0.1
238704,NCCMN,P,7.35,0.2
238704,NCCMP,P,6.02,0.5
238704,NCCMR,P,6.54,1.0
238704,NCCOS,P,6.78,0.2
238704,NCCSC,P,2.64,1.0
238704,NCCST,P,8.27,1.0
238704,NCCVA,P,7.31,1.0
238704,NCCVL,P,7.96,0.5
238704,NCHBT,P,9.82,0.2
238704,NCHCA,P,7.03,1.0
238704,NCHCB,P,7.79,0.5
238704,NCHCO,P,8.79,0.5
238704,NCHCR,P,7.14,0.5
238704,NCHDL,P,9.59,0.1
238704,NCHFP,P,11.6,0.1
238704,NCHGS,P,5.54,0.5
238704,NCHGW,P,5.89,1.0
238704,NCHJG,P,10.38,1.0
238704,NCHOR,P,8.58,0.2
238704,NCHPL,P,7.81,0.2
238704,NCHSP,P,4.77,1.0
238704,NCJAL,P,4.49,0.5
238704,NCJBC,P,6.94,1.0
238704,NCJBL,P,8.86,0.5
238704,NCJBM,P,8.15,0.2
238704,NCJBZ,P,6.77,1.0
238704,NCJCB,P,4.24,1.0
238704,NCJCH,P,13.06,0.1
238704,NCJEC,P,5.89,1.0
238704,NCJEG,P,12.9,0.1
238704,NCJHL,P,5.06,1.0
238704,NCJHP,P,10.61,1.0
238704,NCJJR,P,8.91,0.2
238704,NCJLX,P,5.84,1.0
238704,NCJNA,P,4.22,0.2
238704,NCJPL,P,7.72,0.5
238704,NCJPP,P,9.27,1.0
238704,NCJPS,P,11.42,0.2
238704,NCJRG,P,7.49,0.5
238704,NCJRR,P,5.31,1.0
238704,NCJSC,P,7.68,0.2
238704,NCJSF,P,8.7,0.2
238704,NCJSG,P,7.02,1.0
238704,NCJSM,P,8.66,0.2
238704,NCJSS,P,5.4,0.2
238704,NCJST,P,3.34,1.0
238704,NCJTG,P,7.0,0.5
238704,NCJUC,P,8.88,0.2
238704,NCJUM,P,5.14,0.2
238704,NCNOL,P,22.12,0.1
238790,NCBJC,P,15.22,0.2
238790,NCBJO,P,14.73,0.2
238790,NCBPC,P,13.64,0.2
238790,NCBSR,P,12.64,1.0
238790,NCBVY,P,12.2,0.2
238790,NCCAD,P,3.45,1.0
238790,NCCAI,P,16.43,0.5
238790,NCCAL,P,4.28,1.0
238790,NCCAO,P,2.77,0.2
238790,NCCAO,S,4.92,0.2
238790,NCCBS,P,11.41,0.2
238790,NCCCO,P,1.44,-1.0
238790,NCCCY,P,8.47,0.2
238790,NCCDV,P,6.01,1.0
238790,NCCLC,P,11.31,0.1
238790,NCCMH,P,2.65,1.0
238790,NCCMJ,P,6.13,0.5
238790,NCCML,P,4.32,1.0
238790,NCCMP,P,6.01,0.5
238790,NCCMR,P,6.53,0.5
238790,NCCOS,P,6.78,0.2
238790,NCCPL,P,8.73,0.5
238790,NCCSC,P,2.65,1.0
238790,NCCST,P,8.27,0.5
238790,NCCVA,P,7.32,0.2
238790,NCCVL,P,7.96,0.5
238790,NCHAZ,P,8.87,0.2
238790,NCHCA,P,6.54,0.1
238790,NCHCB,P,7.74,0.5
238790,NCHCO,P,8.77,0.2
238790,NCHCR,P,7.12,1.0
238790,NCHDL,P,9.5,0.2
238790,NCHFP,P,11.43,0.2
238790,NCHGS,P,5.52,0.5
238790,NCHGW,P,5.88,1.0
238790,NCHJG,P,10.32,0.2
238790,NCHLT,P,10.23,0.2
238790,NCHOR,P,8.48,0.1
238790,NCHPL,P,7.8,1.0
238790,NCHSP,P,4.76,1.0
238790,NCJAL,P,4.47,0.5
238790,NCJBC,P,6.93,0.2
238790,NCJBL,P,8.75,0.1
238790,NCJBM,P,8.12,0.5
238790,NCJBZ,P,6.75,1.0
238790,NCJCB,P,4.22,1.0
238790,NCJEC,P,5.87,0.2
238790,NCJEG,P,13.32,0.5
238790,NCJHL,P,5.05,1.0
238790,NCJHP,P,10.5,0.2
238790,NCJLX,P,5.87,0.5
238790,NCJNA,P,4.21,1.0
238790,NCJPP,P,9.24,0.5
238790,NCJPS,P,11.47,0.1
238790,NCJRG,P,7.97,0.2
238790,NCJRR,P,5.29,1.0
238790,NCJSC,P,7.67,0.2
238790,NCJSF,P,8.71,0.2
238790,NCJSG,P,7.01,0.5
238790,NCJSM,P,8.65,0.2
238790,NCJSS,P,5.42,0.5
238790,NCJST,P,3.33,1.0
238790,NCJTG,P,6.97,1.0
238790,NCJUC,P,8.82,0.2
238790,NCJUM,P,5.08,0.5
27683,NCBAV,P,15.9,1.0
27683,NCBBG,P,17.67,1.0
27683,NCBBN,P,18.65,1.0
27683,NCBCG,P,13.33,0.5
27683,NCBEH,P,13.73,0.1
27683,NCBEM,P,15.59,0.5
27683,NCBHR,P,13.99,0.2
27683,NCBHS,P,17.85,1.0
27683,NCBJC,P,14.87,1.0
27683,NCBJO,P,14.49,1.0
27683,NCBLR,P,14.65,1.0
27683,NCBPC,P,14.03,1.0
27683,NCBPF,P,19.94,0.2
27683,NCBPP,P,21.06,0.5
27683,NCBSG,P,18.42,0.5
27683,NCBSL,P,12.41,0.5
27683,NCBSR,P,12.52,1.0
27683,NCBVL,P,16.13,0.2
27683,NCBVY,P,12.05,1.0
27683,NCCAD,P,3.35,0.5
27683,NCCAI,P,16.01,0.1
27683,NCCAO,P,2.72,1.0
27683,NCCBR,P,13.51,0.2
27683,NCCBS,P,11.39,1.0
27683,NCCBW,P,15.69,0.2
27683,NCCCO,P,1.66,-1.0
27683,NCCDO,P,10.5,0.2
27683,NCCDV,P,5.99,0.2
27683,NCCLC,P,11.37,0.5
27683,NCCMC,P,13.21,0.2
27683,NCCMJ,P,6.15,0.2
27683,NCCML,P,4.34,0.5
27683,NCCMM,P,4.72,0.5
27683,NCCMN,P,7.32,0.2
27683,NCCMO,P,12.05,1.0
27683,NCCMP,P,5.86,0.5
27683,NCCMR,P,6.5,0.2
27683,NCCOS,P,6.69,0.1
27683,NCCPL,P,8.72,0.1
27683,NCCSC,P,2.9,0.2
27683,NCCSH,P,9.84,0.5
27683,NCCST,P,8.23,1.0
27683,NCCVA,P,7.32,0.2
27683,NCCVL,P,7.96,0.1
27683,NCHCA,P,6.38,0.1
27683,NCHCB,P,7.58,0.1
27683,NCHCP,P,7.88,0.2
27683,NCHCR,P,6.93,0.2
27683,NCHDL,P,9.32,0.2
27683,NCHFE,P,7.42,0.1
27683,NCHFH,P,9.16,0.5
27683,NCHFP,P,11.21,1.0
27683,NCHGS,P,5.31,0.2
27683,NCHGW,P,5.74,0.2
27683,NCHJG,P,10.14,1.0
27683,NCHJS,P,12.02,0.1
27683,NCHKR,P,9.96,0.2
27683,NCHLT,P,10.07,0.1
27683,NCHOR,P,8.05,0.2
27683,NCHPL,P,7.58,0.2
27683,NCHPR,P,7.27,0.1
27683,NCHQR,P,11.5,1.0
27683,NCHSF,P,10.68,1.0
27683,NCHSL,P,11.52,0.2
27683,NCHSP,P,4.61,1.0
27683,NCJAL,P,4.44,0.5
27683,NCJBC,P,6.89,0.1
27683,NCJBG,P,9.05,0.2
27683,NCJBL,P,8.78,0.1
27683,NCJBM,P,8.11,0.1
27683,NCJBZ,P,6.63,0.1
27683,NCJCB,P,4.09,0.5
27683,NCJEC,P,5.78,0.2
27683,NCJEG,P,13.24,0.2
27683,NCJHL,P,4.99,1.0
27683,NCJHP,P,10.57,1.0
27683,NCJLT,P,8.8,0.1
27683,NCJLX,P,5.78,0.1
27683,NCJMG,P,14.4,0.5
27683,NCJPL,P,7.47,0.1
27683,NCJPP,P,9.16,0.1
27683,NCJPR,P,15.72,0.2
27683,NCJPS,P,11.09,1.0
27683,NCJRG,P,7.39,0.1
27683,NCJRR,P,5.16,1.0
27683,NCJSA,P,12.77,0.5
27683,NCJSF,P,8.68,0.2
27683,NCJSG,P,7.01,0.2
27683,NCJSJ,P,7.62,0.2
27683,NCJSM,P,8.62,0.2
27683,NCJSS,P,5.37,0.1
27683,NCJST,P,3.37,0.5
27683,NCJTG,P,6.91,0.1
27683,NCJUC,P,8.78,1.0
27683,NCMHD,P,25.5,0.2
27683,NCMYL,P,18.56,1.0
27683,NCNLN,P,22.59,1.0
27683,NCNOL,P,21.18,0.2
27683,NCNTB,P,26.01,0.2
27683,NCPCR,P,21.84,0.2
27722,NCBJO,P,14.74,0.1
27722,NCBPC,P,14.15,0.2
27722,NCBSL,P,12.19,0.1
27722,NCBSR,P,12.51,1.0
27722,NCBVY,P,12.17,1.0
27722,NCCAD,P,3.44,1.0
27722,NCCAI,P,16.21,0.1
27722,NCCAL,P,4.31,1.0
27722,NCCAO,P,2.74,1.0
27722,NCCCO,P,1.71,1.0
27722,NCCDV,P,5.94,1.0
27722,NCCLC,P,11.33,0.5
27722,NCCMJ,P,6.08,0.5
27722,NCCML,P,4.31,1.0
27722,NCCMM,P,4.71,1.0
27722,NCCMP,P,5.89,0.5
27722,NCCMR,P,6.46,1.0
27722,NCCSC,P,2.88,1.0
27722,NCCST,P,8.23,1.0
27722,NCCVA,P,7.25,0.5
27722,NCCVL,P,7.95,1.0
27722,NCHCR,P,6.99,1.0
27722,NCHDL,P,9.4,1.0
27722,NCHFH,P,10.28,0.5
27722,NCHFP,P,11.49,0.5
27722,NCHGS,P,5.41,0.5
27722,NCHGW,P,5.8,0.5
27722,NCHJG,P,10.19,1.0
27722,NCHOR,P,8.42,0.1
27722,NCHPL,P,7.64,0.5
27722,NCHPR,P,7.33,1.0
27722,NCHQR,P,12.01,0.2
27722,NCHSP,P,4.69,1.0
27722,NCJAL,P,4.45,0.5
27722,NCJBC,P,6.88,1.0
27722,NCJBL,P,8.83,0.1
27722,NCJBM,P,8.24,0.5
27722,NCJBZ,P,6.68,1.0
27722,NCJCB,P,4.14,1.0
27722,NCJEC,P,5.82,1.0
27722,NCJHL,P,5.03,1.0
27722,NCJHP,P,10.56,0.1
27722,NCJLX,P,5.82,0.5
27722,NCJPP,P,9.26,1.0
27722,NCJRG,P,7.48,1.0
27722,NCJRR,P,5.22,1.0
27722,NCJSA,P,13.06,0.2
27722,NCJSG,P,6.98,0.5
27722,NCJSJ,P,7.59,0.5
27722,NCJSM,P,8.78,0.1
27722,NCJSS,P,5.37,0.5
27722,NCJST,P,3.39,1.0
27722,NCJTG,P,6.95,1.0
27722,NCJUC,P,8.92,0.2
30057908,NCBAP,P,20.95,0.2
30057908,NCBAV,P,15.85,0.2
30057908,NCBBG,P,17.45,0.2
30057908,NCBBN,P,18.05,0.2
30057908,NCBCG,P,13.22,0.1
30057908,NCBCW,P,18.71,0.2
30057908,NCBEH,P,14.5,0.2
30057908,NCBEM,P,14.99,0.2
30057908,NCBJC,P,14.75,0.5
30057908,NCBJO,P,14.26,0.5
30057908,NCBLR,P,14.54,0.2
30057908,NCBPC,P,14.06,0.5
30057908,NCBPI,P,16.74,0.5
30057908,NCBPO,P,19.68,0.2
30057908,NCBPR,P,16.8,0.5
30057908,NCBRM,P,16.22,0.2
30057908,NCBSG,P,17.75,0.5
30057908,NCBSL,P,11.67,0.1
30057908,NCBSM,P,17.58,0.5
30057908,NCBSR,P,12.37,0.5
30057908,NCBVL,P,15.88,0.2
30057908,NCBVY,P,11.97,0.5
30057908,NCCAD,P,3.37,1.0
30057908,NCCAI,P,15.99,0.2
30057908,NCCAL,P,4.37,0.5
30057908,NCCAL,S,7.73,0.2
30057908,NCCAO,P,2.75,1.0
30057908,NCCAO,S,4.83,0.2
30057908,NCCBR,P,13.01,0.2
30057908,NCCBS,P,11.34,0.2
30057908,NCCBW,P,15.13,0.1
30057908,NCCCO,P,1.7,1.0
30057908,NCCCY,P,8.47,0.5
30057908,NCCDA,P,9.75,0.5
30057908,NCCDO,P,10.41,0.1
30057908,NCCDV,P,6.01,1.0
30057908,NCCGP,P,9.35,0.2
30057908,NCCMH,P,2.86,1.0
30057908,NCCMJ,P,6.15,0.5
30057908,NCCMM,P,4.76,1.0
30057908,NCCMN,P,7.34,1.0
30057908,NCCMO,P,11.73,0.2
30057908,NCCMP,P,5.87,1.0
30057908,NCCMR,P,6.52,1.0
30057908,NCCNI,P,8.31,0.5
30057908,NCCOS,P,6.69,0.5
30057908,NCCPI,P,16.64,0.2
30057908,NCCPM,P,16.96,0.2
30057908,NCCRP,P,13.38,0.2
30057908,NCCSA,P,8.31,0.5
30057908,NCCSL,P,11.6,0.5
30057908,NCCSP,P,16.84,0.2
30057908,NCCST,P,8.23,1.0
30057908,NCCVP,P,15.11,0.2
30057908,NCCYB,P,14.55,0.2
30057908,NCHAZ,P,8.62,0.5
30057908,NCHCA,P,6.69,0.2
30057908,NCHCB,P,7.59,1.0
30057908,NCHCO,P,8.62,0.2
30057908,NCHCR,P,6.96,1.0
30057908,NCHDL,P,9.33,1.0
30057908,NCHFE,P,7.43,0.2
30057908,NCHGS,P,5.35,0.5
30057908,NCHGW,P,5.73,1.0
30057908,NCHJG,P,10.12,0.5
30057908,NCHJS,P,11.13,0.5
30057908,NCHLT,P,9.84,0.2
30057908,NCHOR,P,8.39,0.2
30057908,NCHPL,P,7.6,1.0
30057908,NCHSF,P,10.66,0.2
30057908,NCHSL,P,10.7,0.5
30057908,NCHSP,P,4.63,1.0
30057908,NCJAL,P,4.46,1.0
30057908,NCJBC,P,6.91,0.5
30057908,NCJBG,P,10.97,0.5
30057908,NCJBL,P,8.79,0.2
30057908,NCJBM,P,8.14,1.0
30057908,NCJCB,P,4.11,1.0
30057908,NCJCH,P,11.7,0.2
30057908,NCJCP,P,11.6,0.2
30057908,NCJEC,P,5.74,0.2
30057908,NCJEG,P,13.51,1.0
30057908,NCJEL,P,8.37,0.2
30057908,NCJHL,P,5.01,1.0
30057908,NCJHP,P,10.55,0.5
30057908,NCJJR,P,8.89,0.2
30057908,NCJLX,P,5.83,0.2
30057908,NCJMG,P,14.13,0.1
30057908,NCJNA,P,4.21,1.0
30057908,NCJPL,P,7.51,0.5
30057908,NCJPP,P,9.2,1.0
30057908,NCJPR,P,15.58,0.2
30057908,NCJPS,P,11.1,1.0
30057908,NCJRG,P,7.14,0.5
30057908,NCJRR,P,5.19,1.0
30057908,NCJSA,P,12.77,0.5
30057908,NCJSB,P,13.18,0.5
30057908,NCJSC,P,7.61,0.2
30057908,NCJSF,P,8.71,1.0
30057908,NCJSG,P,7.03,1.0
30057908,NCJSJ,P,7.66,1.0
30057908,NCJSM,P,8.64,1.0
30057908,NCJSS,P,5.4,1.0
30057908,NCJST,P,3.4,1.0
30057908,NCJTG,P,6.91,0.5
30057908,NCJUC,P,8.6,0.2
30057908,NCJUM,P,5.08,1.0
30057908,NCMBO,P,20.03,0.5
30057908,NCMHD,P,25.3,0.5
30057908,NCMNH,P,20.08,0.2
30057908,NCMYL,P,18.51,0.5
30057908,NCNHF,P,19.06,0.1
30057908,NCNLN,P,21.65,0.2
30057908,NCNOL,P,21.23,0.1
30057908,NCNSP,P,20.56,0.2
30057908,NCNTA,P,18.29,0.1
30057908,NCPHR,P,22.22,0.1
30058785,NCBAV,P,15.78,0.1
30058785,NCBCG,P,12.92,0.1
30058785,NCBEH,P,14.4,0.1
30058785,NCBHR,P,13.65,0.1
30058785,NCBJC,P,14.73,0.2
30058785,NCBJO,P,14.34,0.5
30058785,NCBPC,P,14.06,0.5
30058785,NCBSL,P,11.81,0.2
30058785,NCBSR,P,12.36,0.2
30058785,NCBVL,P,15.97,0.1
30058785,NCBVY,P,12.02,0.2
30058785,NCCAD,P,3.37,1.0
30058785,NCCAI,P,16.02,1.0
30058785,NCCAL,P,4.37,1.0
30058785,NCCAL,S,7.73,0.1
30058785,NCCAO,P,2.74,1.0
30058785,NCCAO,S,4.84,0.1
30058785,NCCBR,P,12.87,0.1
30058785,NCCBS,P,11.38,0.5
30058785,NCCCO,P,1.69,1.0
30058785,NCCCY,P,8.46,0.5
30058785,NCCDA,P,9.81,0.1
30058785,NCCDV,P,6.0,1.0
30058785,NCCGP,P,9.35,0.5
30058785,NCCMC,P,13.44,0.2
30058785,NCCMH,P,2.85,1.0
30058785,NCCMJ,P,6.14,1.0
30058785,NCCMM,P,4.74,1.0
30058785,NCCMN,P,7.36,0.2
30058785,NCCMO,P,11.63,0.2
30058785,NCCMP,P,5.86,1.0
30058785,NCCMR,P,6.53,1.0
30058785,NCCNI,P,8.29,0.5
30058785,NCCOS,P,6.7,1.0
30058785,NCCPM,P,17.05,0.2
30058785,NCCSA,P,8.3,0.5
30058785,NCCSL,P,11.54,0.2
30058785,NCCST,P,8.24,1.0
30058785,NCCSV,P,13.56,0.1
30058785,NCCVP,P,14.75,0.1
30058785,NCCYB,P,14.51,0.1
30058785,NCHAZ,P,8.64,0.5
30058785,NCHBT,P,9.52,0.2
30058785,NCHCA,P,6.63,0.2
30058785,NCHCB,P,7.63,0.1
30058785,NCHCR,P,6.97,1.0
30058785,NCHDL,P,9.34,1.0
30058785,NCHER,P,10.06,0.1
30058785,NCHFE,P,7.42,0.2
30058785,NCHFP,P,11.21,0.5
30058785,NCHGS,P,5.36,1.0
30058785,NCHJG,P,9.98,0.2
30058785,NCHJS,P,11.07,0.2
30058785,NCHLT,P,9.92,0.2
30058785,NCHOR,P,8.21,0.1
30058785,NCHPL,P,7.62,0.5
30058785,NCHSF,P,10.66,0.2
30058785,NCHSL,P,10.68,0.5
30058785,NCHSP,P,4.63,0.5
30058785,NCJAL,P,4.45,1.0
30058785,NCJBC,P,6.92,0.5
30058785,NCJBG,P,10.96,0.5
30058785,NCJBL,P,8.66,0.2
30058785,NCJBM,P,8.13,0.5
30058785,NCJBZ,P,6.7,0.5
30058785,NCJCB,P,4.1,1.0
30058785,NCJCH,P,11.7,0.2
30058785,NCJCP,P,11.73,0.1
30058785,NCJEC,P,5.78,0.5
30058785,NCJEG,P,12.72,0.1
30058785,NCJEL,P,8.31,0.2
30058785,NCJHL,P,5.0,1.0
30058785,NCJHP,P,10.55,0.5
30058785,NCJJR,P,8.89,0.5
30058785,NCJLX,P,5.78,1.0
30058785,NCJMG,P,14.19,0.5
30058785,NCJNA,P,4.22,1.0
30058785,NCJPL,P,7.53,0.5
30058785,NCJPP,P,9.21,1.0
30058785,NCJPR,P,15.73,0.2
30058785,NCJPS,P,11.09,0.2
30058785,NCJRG,P,7.45,0.2
30058785,NCJRR,P,5.18,1.0
30058785,NCJSA,P,12.78,0.2
30058785,NCJSB,P,13.18,0.1
30058785,NCJSC,P,7.61,1.0
30058785,NCJSF,P,8.7,0.5
30058785,NCJSG,P,7.04,1.0
30058785,NCJSJ,P,7.66,1.0
30058785,NCJSM,P,8.64,1.0
30058785,NCJSS,P,5.39,1.0
30058785,NCJST,P,3.39,1.0
30058785,NCJTG,P,6.9,0.5
30058785,NCJUC,P,8.62,0.2
30058785,NCJUM,P,5.08,1.0
30058785,NCNHF,P,19.09,0.2
30058785,NCNLN,P,21.81,0.2
30058785,NCNOL,P,21.54,0.5
30058785,NCNSP,P,20.62,0.5
30058785,NCNTA,P,18.4,0.1
30058785,NCNTB,P,24.25,0.5
30062741,NCBSR,P,12.83,0.2
30062741,NCCAD,P,3.43,0.5
30062741,NCCAL,P,4.26,1.0
30062741,NCCAO,P,2.74,1.0
30062741,NCCAO,S,4.91,0.1
30062741,NCCCO,P,1.44,-1.0
30062741,NCCDV,P,6.02,1.0
30062741,NCCMH,P,2.63,1.0
30062741,NCCMJ,P,5.98,0.2
30062741,NCCML,P,4.3,1.0
30062741,NCCMM,P,4.81,1.0
30062741,NCCMP,P,6.02,1.0
30062741,NCCNI,P,8.25,0.1
30062741,NCCOS,P,6.72,0.1
30062741,NCCST,P,8.29,0.5
30062741,NCCVL,P,8.05,0.1
30062741,NCHCA,P,6.63,0.1
30062741,NCHCB,P,7.51,0.1
30062741,NCHCR,P,7.15,0.5
30062741,NCHDL,P,9.54,1.0
30062741,NCHFE,P,7.59,0.1
30062741,NCHFP,P,11.65,0.5
30062741,NCHGS,P,5.56,1.0
30062741,NCHJG,P,10.42,0.5
30062741,NCHOR,P,8.69,0.2
30062741,NCHPL,P,7.8,0.5
30062741,NCHSP,P,4.79,1.0
30062741,NCJAL,P,4.48,0.5
30062741,NCJBC,P,6.91,0.2
30062741,NCJBL,P,8.91,0.2
30062741,NCJBM,P,8.17,1.0
30062741,NCJBZ,P,6.71,0.1
30062741,NCJCB,P,4.22,1.0
30062741,NCJEC,P,5.89,0.5
30062741,NCJHL,P,5.07,1.0
30062741,NCJLX,P,5.76,0.5
30062741,NCJNA,P,4.19,0.5
30062741,NCJPP,P,9.36,0.5
30062741,NCJRR,P,5.32,1.0
30062741,NCJSC,P,7.6,0.2
30062741,NCJSG,P,7.05,0.2
30062741,NCJSS,P,5.42,0.2
30062741,NCJST,P,3.31,0.5
30062741,NCJTG,P,6.95,0.2
30062741,NCJUM,P,5.11,0.2
30069222,NCALN,P,26.95,0.5
30069222,NCBJC,P,15.14,0.5
30069222,NCBJO,P,14.68,0.5
30069222,NCBPC,P,14.31,0.5
30069222,NCBPI,P,17.12,0.1
30069222,NCBPO,P,20.16,0.1
30069222,NCBPR,P,16.98,0.2
30069222,NCBSM,P,17.9,0.2
30069222,NCBSR,P,12.78,0.2
30069222,NCBVL,P,16.28,0.2
30069222,NCBVY,P,12.19,0.2
30069222,NCCAD,P,3.43,0.5
30069222,NCCAI,P,16.09,0.1
30069222,NCCAL,P,4.29,1.0
30069222,NCCAL,S,7.74,0.2
30069222,NCCAO,P,2.76,1.0
30069222,NCCAO,S,4.9,0.2
30069222,NCCCO,P,1.44,-1.0
30069222,NCCCY,P,8.59,0.2
30069222,NCCDV,P,6.0,1.0
30069222,NCCGP,P,9.43,0.5
30069222,NCCLC,P,11.36,0.2
30069222,NCCMH,P,2.66,0.5
30069222,NCCMJ,P,6.11,0.2
30069222,NCCML,P,4.33,1.0
30069222,NCCMM,P,4.8,1.0
30069222,NCCMN,P,7.31,0.2
30069222,NCCMR,P,6.53,0.5
30069222,NCCNI,P,8.39,1.0
30069222,NCCST,P,8.29,0.5
30069222,NCCVA,P,7.31,0.5
30069222,NCHAZ,P,8.89,0.2
30069222,NCHBT,P,10.01,0.2
30069222,NCHCA,P,7.02,0.5
30069222,NCHCB,P,7.74,0.2
30069222,NCHCO,P,8.73,0.2
30069222,NCHCR,P,7.11,1.0
30069222,NCHDL,P,9.46,0.2
30069222,NCHFE,P,7.74,0.2
30069222,NCHFP,P,11.49,0.2
30069222,NCHGS,P,5.51,1.0
30069222,NCHGW,P,5.86,1.0
30069222,NCHJG,P,10.27,0.2
30069222,NCHLT,P,10.1,0.2
30069222,NCHOR,P,8.32,0.1
30069222,NCHPL,P,7.78,0.5
30069222,NCHSL,P,10.84,0.1
30069222,NCHSP,P,4.75,1.0
30069222,NCJAL,P,4.47,0.5
30069222,NCJBG,P,11.0,0.2
30069222,NCJBL,P,9.21,0.2
30069222,NCJBM,P,8.14,0.5
30069222,NCJBZ,P,6.73,1.0
30069222,NCJCB,P,4.22,1.0
30069222,NCJEC,P,5.85,0.5
30069222,NCJHL,P,5.05,1.0
30069222,NCJHP,P,10.57,0.5
30069222,NCJLX,P,5.81,0.2
30069222,NCJMG,P,14.41,0.5
30069222,NCJNA,P,4.2,0.5
30069222,NCJPP,P,9.19,0.2
30069222,NCJPS,P,11.11,0.1
30069222,NCJRG,P,7.29,0.1
30069222,NCJRR,P,5.29,1.0
30069222,NCJSA,P,12.79,0.2
30069222,NCJSC,P,7.65,0.2
30069222,NCJSF,P,8.7,0.5
30069222,NCJSG,P,7.02,0.5
30069222,NCJSJ,P,7.62,0.2
30069222,NCJSM,P,8.65,0.5
30069222,NCJSS,P,5.39,0.5
30069222,NCJST,P,3.32,0.5
30069222,NCJTG,P,7.79,0.1
30069222,NCJUC,P,8.74,0.2
30069222,NCNHF,P,19.43,0.2
30069222,NCNLN,P,22.49,0.2
30092060,NCBJC,P,15.02,0.2
30092060,NCBJO,P,14.84,0.5
30092060,NCBPC,P,14.36,0.5
30092060,NCBPR,P,17.9,0.2
30092060,NCBSR,P,12.6,0.5
30092060,NCBVY,P,12.33,0.2
30092060,NCCAD,P,3.43,1.0
30092060,NCCAL,P,4.28,1.0
30092060,NCCAO,P,2.76,1.0
30092060,NCCCO,P,1.43,-1.0
30092060,NCCDV,P,6.02,1.0
30092060,NCCGP,P,9.43,1.0
30092060,NCCMH,P,2.65,0.5
30092060,NCCMJ,P,6.16,0.5
30092060,NCCML,P,4.33,1.0
30092060,NCCMM,P,4.8,1.0
30092060,NCCMP,P,6.0,1.0
30092060,NCCST,P,8.29,1.0
30092060,NCCVA,P,7.31,1.0
30092060,NCCVL,P,8.0,1.0
30092060,NCHCA,P,7.06,1.0
30092060,NCHCR,P,7.12,1.0
30092060,NCHDL,P,9.5,1.0
30092060,NCHFP,P,11.63,1.0
30092060,NCHGS,P,5.52,1.0
30092060,NCHGW,P,5.84,0.2
30092060,NCHJG,P,10.4,0.5
30092060,NCHSP,P,4.76,1.0
30092060,NCJAL,P,4.47,1.0
30092060,NCJBC,P,6.78,0.2
30092060,NCJBM,P,8.14,1.0
30092060,NCJCB,P,4.22,1.0
30092060,NCJEC,P,5.87,0.5
30092060,NCJHL,P,5.06,1.0
30092060,NCJHP,P,10.59,0.2
30092060,NCJLX,P,5.87,1.0
30092060,NCJNA,P,4.21,1.0
30092060,NCJPP,P,8.79,0.2
30092060,NCJRR,P,5.3,1.0
30092060,NCJSF,P,8.69,0.5
30092060,NCJSG,P,7.02,1.0
30092060,NCJSJ,P,7.65,0.2
30092060,NCJSS,P,5.4,1.0
30092060,NCJST,P,3.31,0.5
30092060,NCMYL,P,17.85,0.1
30092060,NCPMC,P,35.55,0.2
32049,NCCAL,P,4.29,1.0
32049,NCCAO,P,2.76,1.0
32049,NCCAO,S,4.92,0.1
32049,NCCCO,P,1.43,-1.0
32049,NCCCY,P,8.6,0.5
32049,NCCDV,P,6.02,1.0
32049,NCCMH,P,2.69,1.0
32049,NCCMJ,P,6.14,0.2
32049,NCCML,P,4.35,1.0
32049,NCCMM,P,4.8,1.0
32049,NCCMR,P,6.57,1.0
32049,NCCSC,P,2.67,1.0
32049,NCCST,P,8.3,0.5
32049,NCCVA,P,7.32,0.2
32049,NCCVL,P,7.99,0.2
32049,NCHCA,P,6.84,0.1
32049,NCHCP,P,8.11,0.2
32049,NCHCR,P,7.12,1.0
32049,NCHDL,P,9.74,1.0
32049,NCHFH,P,10.1,1.0
32049,NCHGS,P,5.52,1.0
32049,NCHGW,P,5.89,1.0
32049,NCHPR,P,7.43,0.5
32049,NCHQR,P,11.74,0.1
32049,NCHSP,P,4.76,1.0
32049,NCJAL,P,4.47,1.0
32049,NCJBC,P,6.94,0.2
32049,NCJBM,P,8.18,1.0
32049,NCJBZ,P,6.72,0.1
32049,NCJCB,P,4.22,1.0
32049,NCJEC,P,5.88,1.0
32049,NCJHL,P,5.06,1.0
32049,NCJLT,P,8.78,0.5
32049,NCJLX,P,5.83,1.0
32049,NCJMG,P,14.81,0.2
32049,NCJPP,P,8.95,0.1
32049,NCJSG,P,7.01,1.0
32049,NCJSJ,P,7.66,0.2
32049,NCJST,P,3.32,1.0
32049,NCPCR,P,26.55,0.1
35929,NCBJO,P,14.56,0.5
35929,NCBPC,P,14.33,0.2
35929,NCBSR,P,12.44,0.2
35929,NCBVY,P,12.09,0.2
35929,NCCAD,P,3.41,1.0
35929,NCCAI,P,16.19,0.1
35929,NCCAL,P,4.32,1.0
35929,NCCAO,P,2.74,1.0
35929,NCCCO,P,1.71,1.0
35929,NCCCY,P,8.57,0.2
35929,NCCDV,P,5.97,1.0
35929,NCCLC,P,11.93,0.2
35929,NCCMH,P,2.8,1.0
35929,NCCMJ,P,6.15,0.2
35929,NCCML,P,4.32,1.0
35929,NCCMM,P,4.73,1.0
35929,NCCMN,P,7.3,0.2
35929,NCCMP,P,5.9,1.0
35929,NCCMR,P,6.5,1.0
35929,NCCSC,P,2.88,1.0
35929,NCCST,P,8.21,1.0
35929,NCCVA,P,7.3,1.0
35929,NCCVL,P,7.93,0.2
35929,NCHCA,P,6.71,0.1
35929,NCHCO,P,8.71,1.0
35929,NCHCP,P,7.93,0.2
35929,NCHCR,P,7.0,1.0
35929,NCHDL,P,9.38,0.5
35929,NCHFH,P,9.21,0.5
35929,NCHFP,P,11.29,0.2
35929,NCHGS,P,5.39,1.0
35929,NCHGW,P,5.78,1.0
35929,NCHJG,P,10.14,0.2
35929,NCHOR,P,8.42,0.5
35929,NCHPL,P,7.63,1.0
35929,NCHPR,P,7.3,0.2
35929,NCHQR,P,11.58,0.5
35929,NCHSP,P,4.68,1.0
35929,NCJAL,P,4.47,1.0
35929,NCJBC,P,6.9,0.2
35929,NCJBL,P,8.75,0.1
35929,NCJBM,P,8.1,1.0
35929,NCJBZ,P,6.68,1.0
35929,NCJCB,P,4.14,1.0
35929,NCJEC,P,5.82,1.0
35929,NCJHL,P,5.02,1.0
35929,NCJHP,P,10.57,1.0
35929,NCJLT,P,8.81,0.2
35929,NCJLX,P,5.82,1.0
35929,NCJMG,P,14.24,0.2
35929,NCJPP,P,9.22,1.0
35929,NCJRR,P,5.22,1.0
35929,NCJSA,P,12.4,0.1
35929,NCJSC,P,7.65,0.2
35929,NCJSG,P,7.01,1.0
35929,NCJSJ,P,7.62,1.0
35929,NCJSM,P,8.7,0.1
35929,NCJSS,P,5.4,1.0
35929,NCJST,P,3.38,1.0
35929,NCJTG,P,6.96,0.5
35929,NCJUC,P,8.88,0.5
389286,NCBSR,P,12.71,0.5
389286,NCBVY,P,12.31,0.1
389286,NCCAL,P,4.28,1.0
389286,NCCAL,S,7.74,0.1
389286,NCCAO,P,2.74,1.0
389286,NCCAO,S,4.91,0.1
389286,NCCCO,P,1.43,-1.0
389286,NCCCY,P,8.47,0.2
389286,NCCDV,P,6.03,1.0
389286,NCCMH,P,2.68,0.5
389286,NCCMJ,P,6.15,0.2
389286,NCCMM,P,4.81,1.0
389286,NCCMR,P,6.55,1.0
389286,NCCNI,P,8.29,0.2
389286,NCCST,P,8.28,0.2
389286,NCCVA,P,7.34,0.5
389286,NCHAZ,P,8.9,0.1
389286,NCHCA,P,6.97,0.2
389286,NCHCB,P,7.76,0.1
389286,NCHCR,P,7.13,0.5
389286,NCHDL,P,9.57,0.2
389286,NCHFE,P,7.69,0.1
389286,NCHFP,P,11.62,0.5
389286,NCHGS,P,5.53,1.0
389286,NCHGW,P,5.89,1.0
389286,NCHPL,P,7.8,0.5
389286,NCHSP,P,4.76,1.0
389286,NCJAL,P,4.48,1.0
389286,NCJBL,P,8.87,0.5
389286,NCJBM,P,8.15,0.2
389286,NCJBZ,P,5.7,0.1
389286,NCJCB,P,4.22,1.0
389286,NCJEC,P,5.89,0.2
389286,NCJHL,P,5.06,1.0
389286,NCJLX,P,5.86,0.5
389286,NCJNA,P,4.23,0.2
389286,NCJPP,P,9.34,0.1
389286,NCJPS,P,8.94,0.1
389286,NCJRG,P,7.28,0.1
389286,NCJRR,P,5.3,1.0
389286,NCJSC,P,7.69,0.2
389286,NCJSF,P,8.5,0.1
389286,NCJSG,P,7.05,0.2
389286,NCJSJ,P,7.65,0.2
389286,NCJSM,P,8.66,0.2
389286,NCJSS,P,5.34,0.2
389286,NCJST,P,3.3,1.0
389286,NCJTG,P,6.98,0.1
389286,NCJUC,P,8.8,0.1
42555,NCCAD,P,3.43,1.0
42555,NCCAL,P,4.3,1.0
42555,NCCAO,P,2.75,1.0
42555,NCCCO,P,1.44,-1.0
42555,NCCDV,P,6.02,1.0
42555,NCCMH,P,2.67,1.0
42555,NCCMJ,P,6.14,1.0
42555,NCCML,P,4.36,1.0
42555,NCCMM,P,4.8,1.0
42555,NCCMP,P,6.01,1.0
42555,NCCMR,P,6.54,1.0
42555,NCCSC,P,2.66,1.0
42555,NCCST,P,8.29,1.0
42555,NCCVA,P,7.25,0.2
42555,NCCVL,P,8.02,1.0
42555,NCHCA,P,6.62,0.1
42555,NCHCR,P,7.15,0.5
42555,NCHDL,P,9.5,1.0
42555,NCHFH,P,9.79,0.2
42555,NCHFP,P,11.64,0.2
42555,NCHGS,P,5.5,1.0
42555,NCHGW,P,5.88,1.0
42555,NCHKR,P,9.68,0.5
42555,NCHOR,P,8.47,0.2
42555,NCHPL,P,7.78,1.0
42555,NCHQR,P,11.95,0.2
42555,NCHSP,P,4.76,1.0
42555,NCJAL,P,4.48,1.0
42555,NCJBC,P,6.97,0.5
42555,NCJBZ,P,6.73,0.5
42555,NCJCB,P,4.22,1.0
42555,NCJEC,P,5.87,1.0
42555,NCJHL,P,5.06,1.0
42555,NCJMG,P,14.84,0.2
42555,NCJPR,P,15.95,0.2
42555,NCJRR,P,5.29,1.0
42555,NCJSG,P,7.04,0.2
42555,NCJSM,P,8.83,0.1
42555,NCJSS,P,5.33,0.1
42555,NCJST,P,3.33,1.0
42555,NCJUC,P,8.85,0.1
42559,NCBPC,P,14.37,1.0
42559,NCBSL,P,12.01,0.1
42559,NCBVY,P,12.38,0.5
42559,NCCAD,P,3.45,1.0
42559,NCCAI,P,16.37,0.2
42559,NCCAL,P,4.28,1.0
42559,NCCAO,P,2.76,1.0
42559,NCCCO,P,1.44,-1.0
42559,NCCCY,P,8.59,0.2
42559,NCCDV,P,6.01,1.0
42559,NCCLC,P,11.38,1.0
42559,NCCMH,P,2.65,1.0
42559,NCCMJ,P,6.12,0.2
42559,NCCML,P,4.32,1.0
42559,NCCMM,P,4.79,1.0
42559,NCCMN,P,7.33,0.2
42559,NCCMP,P,6.01,1.0
42559,NCCMR,P,6.53,1.0
42559,NCCSC,P,2.65,1.0
42559,NCCST,P,8.28,1.0
42559,NCCVA,P,7.29,1.0
42559,NCCVL,P,7.96,1.0
42559,NCHAZ,P,8.92,0.1
42559,NCHCA,P,7.06,1.0
42559,NCHCB,P,7.73,0.1
42559,NCHCP,P,8.11,1.0
42559,NCHCR,P,7.75,0.2
42559,NCHDL,P,9.49,0.5
42559,NCHFE,P,8.13,1.0
42559,NCHFP,P,11.55,0.1
42559,NCHGS,P,5.53,1.0
42559,NCHGW,P,5.9,1.0
42559,NCHJG,P,10.29,0.2
42559,NCHKR,P,9.92,0.2
42559,NCHOR,P,8.67,0.1
42559,NCHPL,P,7.81,1.0
42559,NCHQR,P,11.75,0.2
42559,NCHSF,P,11.0,0.1
42559,NCHSP,P,4.78,1.0
42559,NCJAL,P,4.48,1.0
42559,NCJBC,P,6.92,1.0
42559,NCJBG,P,11.13,0.5
42559,NCJBL,P,9.21,0.1
42559,NCJBM,P,8.13,1.0
42559,NCJBZ,P,6.76,0.5
42559,NCJCB,P,4.23,1.0
42559,NCJEC,P,5.89,1.0
42559,NCJHL,P,5.06,1.0
42559,NCJHP,P,10.63,0.1
42559,NCJLT,P,8.92,0.5
42559,NCJMG,P,14.4,0.5
42559,NCJPL,P,7.89,0.5
42559,NCJPR,P,16.32,0.2
42559,NCJRR,P,5.31,1.0
42559,NCJSC,P,7.69,0.5
42559,NCJSG,P,7.03,1.0
42559,NCJSM,P,8.68,1.0
42559,NCJSS,P,5.4,0.2
42559,NCJST,P,3.34,1.0
42559,NCMHD,P,25.79,0.5
42643,NCCAD,P,3.44,1.0
42643,NCCAL,P,4.29,1.0
42643,NCCAO,P,2.76,1.0
42643,NCCCO,P,1.43,-1.0
42643,NCCCY,P,8.65,0.2
42643,NCCDV,P,6.03,0.2
42643,NCCMH,P,2.67,1.0
42643,NCCMJ,P,6.14,0.2
42643,NCCML,P,4.37,1.0
42643,NCCMM,P,4.78,1.0
42643,NCCMP,P,6.0,1.0
42643,NCCMR,P,6.55,1.0
42643,NCCSC,P,2.65,1.0
42643,NCCST,P,8.3,1.0
42643,NCCVA,P,7.32,1.0
42643,NCCVL,P,7.97,0.2
42643,NCHCA,P,7.03,0.2
42643,NCHCP,P,8.08,1.0
42643,NCHDL,P,9.5,0.2
42643,NCHFP,P,11.53,0.2
42643,NCHGS,P,5.54,1.0
42643,NCHGW,P,5.89,1.0
42643,NCHJG,P,10.38,0.2
42643,NCHPL,P,7.79,1.0
42643,NCHPR,P,7.42,0.2
42643,NCHSP,P,4.77,1.0
42643,NCJAL,P,4.48,1.0
42643,NCJBZ,P,6.74,0.1
42643,NCJCB,P,4.22,1.0
42643,NCJEC,P,5.88,1.0
42643,NCJHL,P,5.06,1.0
42643,NCJHP,P,10.56,0.1
42643,NCJRR,P,5.3,1.0
42643,NCJSC,P,7.69,0.1
42643,NCJSG,P,7.04,0.2
42643,NCJSS,P,5.39,1.0
42643,NCJST,P,3.35,1.0
44335,NCBAV,P,15.96,1.0
44335,NCBBG,P,17.74,1.0
44335,NCBBN,P,18.33,0.5
44335,NCBCG,P,13.28,1.0
44335,NCBEH,P,14.81,0.2
44335,NCBEM,P,15.6,1.0
44335,NCBHR,P,12.6,0.2
44335,NCBHS,P,17.42,0.1
44335,NCBJC,P,14.78,1.0
44335,NCBJO,P,14.46,1.0
44335,NCBLR,P,14.6,1.0
44335,NCBPC,P,14.06,1.0
44335,NCBPF,P,20.01,1.0
44335,NCBPI,P,16.74,0.1
44335,NCBPP,P,21.18,0.2
44335,NCBSC,P,14.76,1.0
44335,NCBSG,P,18.46,0.5
44335,NCBSL,P,11.81,1.0
44335,NCBSR,P,12.42,1.0
44335,NCBVL,P,17.01,0.2
44335,NCBVY,P,12.06,1.0
44335,NCCAD,P,3.38,1.0
44335,NCCAI,P,16.19,1.0
44335,NCCAL,P,4.38,1.0
44335,NCCAO,P,2.75,1.0
44335,NCCAO,S,5.04,0.1
44335,NCCBR,P,13.21,0.5
44335,NCCBS,P,11.4,1.0
44335,NCCBW,P,15.08,0.1
44335,NCCCO,P,1.69,1.0
44335,NCCCY,P,8.49,1.0
44335,NCCDV,P,6.0,1.0
44335,NCCDV,S,10.61,0.1
44335,NCCLC,P,11.37,1.0
44335,NCCMC,P,13.05,1.0
44335,NCCMH,P,2.85,1.0
44335,NCCMJ,P,6.18,1.0
44335,NCCML,P,4.36,1.0
44335,NCCMM,P,4.74,1.0
44335,NCCMN,P,7.34,1.0
44335,NCCMP,P,5.87,1.0
44335,NCCMR,P,6.52,1.0
44335,NCCPL,P,8.64,0.5
44335,NCCRA,P,12.01,0.2
44335,NCCRP,P,13.67,0.1
44335,NCCSA,P,8.34,1.0
44335,NCCSC,P,2.92,1.0
44335,NCCSH,P,9.78,1.0
44335,NCCSP,P,17.08,0.5
44335,NCCST,P,8.24,1.0
44335,NCCVA,P,7.34,1.0
44335,NCCVL,P,7.99,1.0
44335,NCHAZ,P,8.65,1.0
44335,NCHBT,P,9.49,0.2
44335,NCHCA,P,6.37,0.5
44335,NCHCB,P,7.62,1.0
44335,NCHCO,P,8.56,1.0
44335,NCHCP,P,7.88,1.0
44335,NCHCR,P,6.95,1.0
44335,NCHDL,P,9.35,1.0
44335,NCHFE,P,7.44,1.0
44335,NCHFH,P,9.08,1.0
44335,NCHFP,P,11.33,1.0
44335,NCHGS,P,5.34,1.0
44335,NCHGW,P,5.75,1.0
44335,NCHJG,P,10.12,1.0
44335,NCHJS,P,11.28,0.1
44335,NCHKR,P,9.35,1.0
44335,NCHLT,P,10.15,0.5
44335,NCHMO,P,13.87,1.0
44335,NCHOR,P,8.01,0.5
44335,NCHPH,P,10.76,0.5
44335,NCHPL,P,7.6,1.0
44335,NCHPR,P,7.29,1.0
44335,NCHQR,P,11.4,1.0
44335,NCHSF,P,10.71,1.0
44335,NCHSL,P,10.87,0.5
44335,NCHSP,P,4.64,1.0
44335,NCJAL,P,4.46,1.0
44335,NCJBC,P,6.91,1.0
44335,NCJBG,P,11.1,0.5
44335,NCJBL,P,8.83,1.0
44335,NCJBM,P,8.14,1.0
44335,NCJBZ,P,6.66,1.0
44335,NCJCB,P,4.12,1.0
44335,NCJEC,P,5.8,1.0
44335,NCJEG,P,13.28,0.5
44335,NCJHL,P,5.0,1.0
44335,NCJHP,P,10.55,1.0
44335,NCJLT,P,8.87,1.0
44335,NCJMG,P,13.87,0.2
44335,NCJPL,P,7.52,1.0
44335,NCJPP,P,9.22,1.0
44335,NCJPR,P,15.8,1.0
44335,NCJPS,P,10.76,0.5
44335,NCJRR,P,5.18,1.0
44335,NCJSA,P,12.85,0.5
44335,NCJSC,P,7.62,1.0
44335,NCJSF,P,8.7,1.0
44335,NCJSG,P,7.04,1.0
44335,NCJSJ,P,7.03,1.0
44335,NCJSM,P,8.64,1.0
44335,NCJSS,P,5.39,1.0
44335,NCJST,P,3.38,1.0
44335,NCJTG,P,6.93,1.0
44335,NCJUC,P,8.63,0.5
44335,NCMNH,P,20.14,1.0
44335,NCMYL,P,18.6,1.0
44335,NCNCF,P,24.64,0.2
44335,NCNLH,P,18.64,0.1
44335,NCNLN,P,21.81,0.2
44335,NCNOL,P,21.17,0.2
44335,NCNTB,P,23.82,0.2
44335,NCPBW,P,21.43,1.0
44335,NCPHR,P,21.89,0.5
44335,NCPJL,P,22.97,0.5
478138,NCBBN,P,18.9,0.2
478138,NCBJC,P,15.23,0.2
478138,NCBJO,P,14.91,0.5
478138,NCBPC,P,14.35,1.0
478138,NCBPR,P,16.99,0.1
478138,NCBSR,P,12.81,1.0
478138,NCBVY,P,12.34,0.2
478138,NCCAD,P,3.44,0.5
478138,NCCAL,P,4.26,1.0
478138,NCCAL,S,7.76,0.1
478138,NCCAO,P,2.73,1.0
478138,NCCAO,S,4.9,0.1
478138,NCCBR,P,12.99,0.1
478138,NCCBS,P,11.44,0.5
478138,NCCCO,P,1.42,0.5
478138,NCCCO,S,2.84,0.1
478138,NCCCY,P,8.43,0.5
478138,NCCDV,P,5.99,1.0
478138,NCCLC,P,12.03,0.5
478138,NCCMH,P,2.63,1.0
478138,NCCMJ,P,6.09,1.0
478138,NCCML,P,4.3,1.0
478138,NCCMM,P,4.47,0.1
478138,NCCMP,P,5.99,1.0
478138,NCCMR,P,6.52,1.0
478138,NCCNI,P,8.36,0.1
478138,NCCOS,P,6.77,0.5
478138,NCCPM,P,16.86,0.1
478138,NCCVA,P,7.29,1.0
478138,NCCVL,P,7.87,0.5
478138,NCHCA,P,6.84,0.2
478138,NCHCB,P,7.74,0.2
478138,NCHCR,P,7.11,0.5
478138,NCHDL,P,9.57,0.1
478138,NCHFE,P,7.54,0.1
478138,NCHGS,P,5.53,1.0
478138,NCHJG,P,10.4,1.0
478138,NCHMO,P,14.09,0.5
478138,NCHOR,P,8.46,0.2
478138,NCHSF,P,10.78,0.2
478138,NCHSL,P,10.92,0.2
478138,NCHSP,P,4.74,1.0
478138,NCJAL,P,4.46,1.0
478138,NCJBC,P,6.89,0.5
478138,NCJBG,P,10.98,0.5
478138,NCJBL,P,8.83,0.5
478138,NCJBM,P,8.09,0.5
478138,NCJBN,P,8.72,0.1
478138,NCJCH,P,11.68,0.1
478138,NCJHL,P,5.04,1.0
478138,NCJHP,P,10.56,1.0
478138,NCJLA,P,3.61,1.0
478138,NCJLX,P,5.81,1.0
478138,NCJMG,P,14.4,0.5
478138,NCJPL,P,7.46,0.1
478138,NCJPP,P,9.15,0.5
478138,NCJPS,P,11.05,0.2
478138,NCJRG,P,7.38,0.1
478138,NCJSB,P,13.1,0.2
478138,NCJSC,P,7.63,0.2
478138,NCJSF,P,8.67,0.5
478138,NCJSM,P,8.61,0.2
478138,NCJSP,P,13.96,0.1
478138,NCJST,P,3.3,1.0
478138,NCJTG,P,6.96,0.5
478138,NCJUC,P,8.9,0.5
478138,NCJUM,P,5.04,0.5
478138,NCNHF,P,19.37,0.2
478138,NCNRL,P,16.77,1.0
483500,NCBAP,P,20.91,1.0
483500,NCBBG,P,17.72,1.0
483500,NCBBN,P,18.04,0.1
483500,NCBHR,P,12.98,0.1
483500,NCBJC,P,14.77,0.5
483500,NCBJO,P,14.31,0.5
483500,NCBLR,P,14.52,0.2
483500,NCBPC,P,14.03,0.5
483500,NCBPI,P,16.78,0.1
483500,NCBPO,P,19.78,0.2
483500,NCBPR,P,16.85,0.2
483500,NCBRV,P,19.41,0.1
483500,NCBSL,P,11.79,0.2
483500,NCBSR,P,12.37,0.5
483500,NCBVL,P,15.77,0.1
483500,NCCAD,P,3.42,1.0
483500,NCCAL,P,4.29,1.0
483500,NCCAL,S,7.52,0.1
483500,NCCAO,P,2.73,1.0
483500,NCCAO,S,4.84,0.1
483500,NCCBR,P,12.91,0.2
483500,NCCBS,P,11.25,0.1
483500,NCCBW,P,14.94,0.1
483500,NCCCY,P,8.37,1.0
483500,NCCDA,P,9.72,0.5
483500,NCCDO,P,10.25,0.1
483500,NCCDV,P,5.94,1.0
483500,NCCGP,P,9.37,0.5
483500,NCCLC,P,11.24,0.1
483500,NCCMC,P,12.67,0.1
483500,NCCMH,P,2.77,1.0
483500,NCCMJ,P,6.08,1.0
483500,NCCML,P,4.27,1.0
483500,NCCMM,P,3.93,0.1
483500,NCCMN,P,7.28,1.0
483500,NCCMO,P,11.63,0.2
483500,NCCMP,P,5.88,1.0
483500,NCCMR,P,6.47,1.0
483500,NCCNI,P,8.24,0.5
483500,NCCOS,P,6.68,0.5
483500,NCCPM,P,16.86,0.1
483500,NCCSL,P,11.53,0.2
483500,NCCSP,P,16.74,0.1
483500,NCCST,P,8.18,1.0
483500,NCCVA,P,7.28,1.0
483500,NCCVL,P,7.91,1.0
483500,NCCVP,P,14.66,0.1
483500,NCCYB,P,14.44,0.2
483500,NCHAZ,P,8.68,0.5
483500,NCHCA,P,6.33,0.5
483500,NCHCB,P,7.63,0.5
483500,NCHCO,P,8.58,0.2
483500,NCHCR,P,7.0,1.0
483500,NCHDL,P,9.37,1.0
483500,NCHER,P,10.11,0.2
483500,NCHFE,P,7.47,0.5
483500,NCHGS,P,5.39,1.0
483500,NCHJG,P,10.15,1.0
483500,NCHJS,P,11.0,0.2
483500,NCHLT,P,9.72,0.1
483500,NCHMO,P,13.79,0.5
483500,NCHOR,P,8.16,0.2
483500,NCHPC,P,7.78,1.0
483500,NCHPL,P,7.8,1.0
483500,NCHSF,P,10.72,0.5
483500,NCHSP,P,4.67,1.0
483500,NCJAL,P,4.45,1.0
483500,NCJBC,P,6.9,1.0
483500,NCJBL,P,8.79,1.0
483500,NCJBM,P,8.09,0.5
483500,NCJBN,P,8.59,0.2
483500,NCJBZ,P,6.69,1.0
483500,NCJCH,P,11.71,0.1
483500,NCJCP,P,11.52,0.2
483500,NCJEC,P,5.81,1.0
483500,NCJEL,P,8.31,0.2
483500,NCJHL,P,5.01,1.0
483500,NCJHP,P,10.49,0.5
483500,NCJJR,P,8.84,1.0
483500,NCJLA,P,3.59,1.0
483500,NCJLX,P,5.79,1.0
483500,NCJMG,P,13.98,0.1
483500,NCJPL,P,7.54,0.5
483500,NCJPR,P,15.7,0.2
483500,NCJPS,P,11.05,0.2
483500,NCJRG,P,7.42,0.5
483500,NCJSA,P,12.68,0.2
483500,NCJSB,P,13.11,0.1
483500,NCJSC,P,7.58,1.0
483500,NCJSF,P,8.63,1.0
483500,NCJSJ,P,7.6,1.0
483500,NCJSM,P,8.62,0.5
483500,NCJSP,P,13.52,0.2
483500,NCJSS,P,5.36,1.0
483500,NCJST,P,3.37,1.0
483500,NCJTG,P,6.92,0.2
483500,NCJUC,P,8.58,0.2
483500,NCJUM,P,5.11,1.0
483500,NCMBO,P,20.03,0.2
483500,NCMCU,P,19.95,0.1
483500,NCMLR,P,25.92,0.2
483500,NCMMI,P,27.42,0.2
483500,NCMOY,P,19.85,0.2
483500,NCMPR,P,25.41,0.2
483500,NCMRF,P,24.11,0.1
483500,NCMST,P,21.39,0.2
483500,NCNBO,P,19.74,0.1
483500,NCNFI,P,20.77,0.1
483500,NCNGV,P,20.47,0.1
483500,NCNHF,P,19.31,0.2
483500,NCNLH,P,18.29,0.1
483500,NCNLN,P,21.63,0.1
483500,NCNOL,P,20.87,0.1
483500,NCNRL,P,16.53,0.2
483500,NCNTA,P,18.16,0.1
483500,NCPAP,P,25.19,0.1
483500,NCPBW,P,21.17,0.1
483500,NCPCC,P,22.29,0.1
483500,NCPHR,P,20.94,0.1
483500,NCPJL,P,22.35,0.1
483500,NCPLO,P,21.06,0.1
529274,NCBSR,P,12.59,0.2
529274,NCCAD,P,3.43,0.5
529274,NCCAL,P,4.29,1.0
529274,NCCAL,S,7.81,0.1
529274,NCCAO,P,2.76,1.0
529274,NCCAO,S,4.89,0.1
529274,NCCCO,P,1.4,-1.0
529274,NCCCY,P,8.46,0.2
529274,NCCDV,P,6.04,1.0
529274,NCCGP,P,9.3,0.2
529274,NCCLC,P,11.4,0.1
529274,NCCMH,P,2.67,1.0
529274,NCCMJ,P,6.14,0.5
529274,NCCML,P,4.32,1.0
529274,NCCMN,P,7.37,0.2
529274,NCCMP,P,5.98,0.5
529274,NCCNI,P,8.29,0.2
529274,NCCOS,P,6.71,0.1
529274,NCCST,P,8.26,0.5
529274,NCCVA,P,7.26,0.5
529274,NCHCA,P,6.85,0.2
529274,NCHCB,P,7.63,0.1
529274,NCHCO,P,8.69,0.1
529274,NCHCR,P,7.1,0.5
529274,NCHDL,P,9.45,0.1
529274,NCHFE,P,7.72,0.1
529274,NCHFP,P,11.43,0.1
529274,NCHGS,P,5.55,0.5
529274,NCHJG,P,10.32,0.1
529274,NCHJS,P,11.38,0.1
529274,NCHPC,P,7.92,0.5
529274,NCHSP,P,4.75,1.0
529274,NCJAL,P,4.45,1.0
529274,NCJBC,P,6.91,0.2
529274,NCJBG,P,11.07,0.1
529274,NCJBM,P,8.12,0.2
529274,NCJBN,P,8.74,0.1
529274,NCJBZ,P,6.75,0.5
529274,NCJEC,P,5.85,1.0
529274,NCJHL,P,5.05,1.0
529274,NCJHP,P,10.52,0.5
529274,NCJJR,P,8.89,0.1
529274,NCJLA,P,3.6,1.0
529274,NCJLX,P,5.82,0.5
529274,NCJMG,P,14.45,0.2
529274,NCJPL,P,7.68,0.2
529274,NCJPP,P,9.22,0.5
529274,NCJPS,P,10.98,0.1
529274,NCJSC,P,7.59,0.5
529274,NCJSJ,P,7.63,0.2
529274,NCJSS,P,5.39,0.5
529274,NCJST,P,3.32,1.0
529274,NCJUM,P,5.07,0.5
54084,NCBSR,P,12.75,0.5
54084,NCCAD,P,3.45,0.5
54084,NCCAL,P,4.23,0.5
54084,NCCAO,P,2.76,1.0
54084,NCCCO,P,1.44,-1.0
54084,NCCDV,P,6.01,1.0
54084,NCCMH,P,2.64,1.0
54084,NCCMJ,P,6.12,1.0
54084,NCCML,P,4.34,1.0
54084,NCCMN,P,7.34,0.5
54084,NCCMP,P,6.02,0.5
54084,NCCMR,P,6.54,0.5
54084,NCCSC,P,2.66,1.0
54084,NCCST,P,8.33,1.0
54084,NCCVA,P,7.31,1.0
54084,NCCVL,P,8.01,1.0
54084,NCHCA,P,7.04,1.0
54084,NCHCR,P,7.13,1.0
54084,NCHGS,P,5.55,1.0
54084,NCHGW,P,5.9,1.0
54084,NCHPL,P,7.81,1.0
54084,NCHQR,P,12.35,0.1
54084,NCHSP,P,4.77,1.0
54084,NCJAL,P,4.47,1.0
54084,NCJBC,P,7.09,0.2
54084,NCJBM,P,8.23,0.2
54084,NCJBZ,P,6.76,1.0
54084,NCJCB,P,4.24,0.5
54084,NCJEC,P,5.88,1.0
54084,NCJHL,P,5.06,1.0
54084,NCJLX,P,5.82,0.5
54084,NCJRR,P,5.3,1.0
54084,NCJSG,P,7.02,1.0
54084,NCJSS,P,5.4,1.0
54084,NCJST,P,3.32,1.0
54084,NCNOL,P,22.8,0.5
54084,NCPCR,P,29.31,0.2
62514,NCBJO,P,14.73,0.1
62514,NCBSL,P,14.0,0.5
62514,NCBSR,P,12.7,0.5
62514,NCBVY,P,12.35,1.0
62514,NCCAD,P,3.42,0.5
62514,NCCAL,P,4.29,0.5
62514,NCCAO,P,2.75,1.0
62514,NCCCO,P,1.43,-1.0
62514,NCCCY,P,8.64,1.0
62514,NCCDV,P,6.0,1.0
62514,NCCMH,P,2.66,0.5
62514,NCCMJ,P,6.12,0.5
62514,NCCML,P,4.37,1.0
62514,NCCMN,P,7.34,0.2
62514,NCCMP,P,6.01,0.5
62514,NCCMR,P,6.5,0.2
62514,NCCOS,P,6.61,0.1
62514,NCCSC,P,2.71,1.0
62514,NCCVA,P,7.2,0.1
62514,NCHBT,P,10.04,0.5
62514,NCHCA,P,6.49,0.1
62514,NCHCP,P,8.07,0.5
62514,NCHCR,P,7.04,0.1
62514,NCHDL,P,9.4,0.2
62514,NCHFE,P,7.65,0.2
62514,NCHFH,P,9.36,0.1
62514,NCHFP,P,11.64,1.0
62514,NCHGW,P,5.88,1.0
62514,NCHJG,P,10.41,0.2
62514,NCHOR,P,8.28,0.1
62514,NCHPL,P,7.73,0.1
62514,NCHPR,P,7.43,0.5
62514,NCHQR,P,11.72,0.2
62514,NCHSP,P,4.75,1.0
62514,NCJAL,P,4.47,1.0
62514,NCJBC,P,6.91,0.5
62514,NCJBL,P,8.79,0.1
62514,NCJBM,P,8.11,0.2
62514,NCJBZ,P,6.7,0.2
62514,NCJCB,P,4.22,1.0
62514,NCJEC,P,5.86,0.5
62514,NCJHL,P,5.05,1.0
62514,NCJHP,P,10.63,0.1
62514,NCJLT,P,8.86,0.1
62514,NCJLX,P,5.82,0.5
62514,NCJMG,P,14.49,0.1
62514,NCJPL,P,7.43,0.1
62514,NCJPP,P,9.2,0.2
62514,NCJRG,P,7.54,0.1
62514,NCJRR,P,5.29,0.5
62514,NCJSA,P,13.21,0.1
62514,NCJSC,P,7.66,0.2
62514,NCJSF,P,8.71,0.5
62514,NCJSG,P,7.03,0.5
62514,NCJSJ,P,7.64,0.5
62514,NCJSM,P,8.65,0.5
62514,NCJSS,P,5.41,1.0
62514,NCJST,P,3.31,0.5
62514,NCJTG,P,7.03,1.0
62514,NCJUC,P,8.8,0.1
62514,NCPWM,P,25.6,0.5
62520,NCBSR,P,12.81,1.0
62520,NCBVY,P,12.53,0.5
62520,NCCAD,P,3.45,0.5
62520,NCCAL,P,4.29,1.0
62520,NCCAL,S,7.86,0.1
62520,NCCAO,P,2.75,1.0
62520,NCCAO,S,4.91,0.2
62520,NCCCO,P,1.43,0.5
62520,NCCCY,P,8.61,0.5
62520,NCCDV,P,6.0,0.5
62520,NCCMH,P,2.66,0.2
62520,NCCMJ,P,6.12,0.5
62520,NCCML,P,4.38,1.0
62520,NCCMN,P,7.35,0.5
62520,NCCMP,P,6.0,0.5
62520,NCCMR,P,6.53,0.5
62520,NCCPL,P,8.75,0.5
62520,NCCSC,P,2.65,0.5
62520,NCCVL,P,7.97,0.5
62520,NCHAZ,P,9.01,0.5
62520,NCHBT,P,10.04,0.5
62520,NCHCA,P,7.01,0.5
62520,NCHCP,P,8.07,0.5
62520,NCHCR,P,7.1,0.5
62520,NCHDL,P,9.91,0.5
62520,NCHFH,P,9.88,0.2
62520,NCHGW,P,5.88,0.5
62520,NCHPR,P,7.44,0.5
62520,NCHQR,P,11.95,0.2
62520,NCHSF,P,10.87,0.2
62520,NCHSP,P,4.75,1.0
62520,NCJAL,P,4.47,0.5
62520,NCJBC,P,6.91,0.5
62520,NCJBL,P,9.21,0.1
62520,NCJBM,P,8.17,0.2
62520,NCJCB,P,4.21,0.5
62520,NCJEC,P,2.41,0.5
62520,NCJEG,P,13.57,0.1
62520,NCJHL,P,5.05,1.0
62520,NCJHP,P,10.58,0.5
62520,NCJLT,P,8.91,1.0
62520,NCJLX,P,5.86,1.0
62520,NCJMG,P,14.41,0.2
62520,NCJPP,P,9.25,1.0
62520,NCJRG,P,7.48,0.5
62520,NCJRR,P,5.29,1.0
62520,NCJSC,P,7.69,0.5
62520,NCJSG,P,7.01,1.0
62520,NCJSJ,P,7.65,0.5
62520,NCJSM,P,8.65,1.0
62520,NCJSS,P,5.41,1.0
62520,NCJST,P,3.32,1.0
62520,NCJTG,P,7.77,0.2
62520,NCJUC,P,8.94,0.2
77218,NCBAP,P,21.62,1.0
77218,NCBJC,P,15.21,0.2
77218,NCBJO,P,14.71,0.5
77218,NCBLR,P,14.93,0.1
77218,NCBPC,P,14.33,0.5
77218,NCBSR,P,12.89,1.0
77218,NCBVY,P,12.32,1.0
77218,NCCAD,P,3.47,1.0
77218,NCCAI,P,16.09,0.5
77218,NCCAL,P,4.28,1.0
77218,NCCAL,S,7.79,0.1
77218,NCCAO,P,2.75,1.0
77218,NCCAO,S,4.93,0.1
77218,NCCCO,P,1.44,-1.0
77218,NCCCY,P,8.58,0.2
77218,NCCDV,P,6.0,1.0
77218,NCCLC,P,11.38,1.0
77218,NCCMH,P,2.65,1.0
77218,NCCMJ,P,6.12,1.0
77218,NCCML,P,4.33,1.0
77218,NCCMM,P,4.81,1.0
77218,NCCMN,P,7.33,0.5
77218,NCCMP,P,6.0,1.0
77218,NCCMR,P,6.52,1.0
77218,NCCOS,P,6.58,0.1
77218,NCCSC,P,2.65,1.0
77218,NCCST,P,8.33,1.0
77218,NCHAZ,P,8.83,0.5
77218,NCHCB,P,7.76,1.0
77218,NCHCO,P,8.67,0.5
77218,NCHCP,P,8.1,1.0
77218,NCHCR,P,7.12,1.0
77218,NCHDL,P,9.49,0.5
77218,NCHFE,P,7.81,0.2
77218,NCHFH,P,9.94,0.2
77218,NCHGS,P,5.55,1.0
77218,NCHJG,P,10.43,0.2
77218,NCHKR,P,9.67,0.1
77218,NCHOR,P,8.27,0.5
77218,NCHPL,P,7.79,1.0
77218,NCHPR,P,7.42,1.0
77218,NCHSF,P,11.14,0.5
77218,NCHSP,P,4.78,1.0
77218,NCJBC,P,6.91,1.0
77218,NCJBG,P,10.98,0.5
77218,NCJBL,P,8.82,0.2
77218,NCJBZ,P,6.79,0.1
77218,NCJCB,P,4.23,1.0
77218,NCJEC,P,5.87,1.0
77218,NCJEG,P,13.3,0.2
77218,NCJHL,P,5.07,1.0
77218,NCJHP,P,10.55,1.0
77218,NCJLT,P,8.84,1.0
77218,NCJLX,P,5.81,1.0
77218,NCJPL,P,7.59,0.5
77218,NCJRR,P,5.3,1.0
77218,NCJSA,P,12.85,0.1
77218,NCJSC,P,7.65,0.1
77218,NCJSF,P,8.68,1.0
77218,NCJSG,P,7.02,1.0
77218,NCJSJ,P,7.63,1.0
77218,NCJSM,P,8.64,1.0
77218,NCJSS,P,5.4,0.5
77218,NCJST,P,3.36,1.0
77218,NCJTG,P,6.99,0.5
77218,NCJUC,P,8.95,0.1
77218,NCMHD,P,25.67,0.1
